<?xml version="1.0" encoding="UTF-8"?>
<gmd:MD_Metadata xmlns:gmd="http://www.isotc211.org/2005/gmd" xmlns:gco="http://www.isotc211.org/2005/gco" xmlns:gfc="http://www.isotc211.org/2005/gfc" xmlns:srv="http://www.isotc211.org/2005/srv" xmlns:gmx="http://www.isotc211.org/2005/gmx" xmlns:gts="http://www.isotc211.org/2005/gts" xmlns:gsr="http://www.isotc211.org/2005/gsr" xmlns:gss="http://www.isotc211.org/2005/gss" xmlns:gmi="http://www.isotc211.org/2005/gmi" xmlns:napm="http://www.geconnections.org/nap/napMetadataTools/napXsd/napm" xmlns:gml="http://www.opengis.net/gml/3.2" xmlns:xlink="http://www.w3.org/1999/xlink" xmlns:xsi="http://www.w3.org/2001/XMLSchema-instance" xsi:schemaLocation="http://www.isotc211.org/2005/gmx https://schemas.metadata.geo.ca/2009/gmx/gmx.xsd http://www.isotc211.org/2005/gmd https://schemas.metadata.geo.ca/2009/gmd/gmd.xsd http://www.isotc211.org/2005/srv https://schemas.metadata.geo.ca/2009/srv/srv.xsd http://www.geconnections.org/nap/napMetadataTools/napXsd/napm https://schemas.metadata.geo.ca/2009/napm/napm.xsd">
  <gmd:fileIdentifier>
    <gco:CharacterString>bdb8ba6a-9c0a-47ed-971d-5eefa8fe977f</gco:CharacterString>
  </gmd:fileIdentifier>
  <gmd:language xmlns="http://www.isotc211.org/2005/gmd">
    <gco:CharacterString>eng; CAN</gco:CharacterString>
  </gmd:language>
  <gmd:characterSet>
    <gmd:MD_CharacterSetCode codeList="https://schemas.metadata.geo.ca/register/napMetadataRegister.xml#IC_95" codeListValue="RI_458">utf8; utf8</gmd:MD_CharacterSetCode>
  </gmd:characterSet>
  <gmd:parentIdentifier>
    <gco:CharacterString>91269ac2-edb8-48a8-8a58-16f6db46920b</gco:CharacterString>
  </gmd:parentIdentifier>
  <gmd:hierarchyLevel xmlns="http://www.isotc211.org/2005/gmd">
    <gmd:MD_ScopeCode codeList="https://schemas.metadata.geo.ca/register/napMetadataRegister.xml#IC_108" codeListValue="RI_622">dataset; jeuDonnées</gmd:MD_ScopeCode>
  </gmd:hierarchyLevel>
  <gmd:contact xmlns="http://www.isotc211.org/2005/gmd">
    <gmd:CI_ResponsibleParty>
      <gmd:organisationName xsi:type="gmd:PT_FreeText_PropertyType">
        <gco:CharacterString>Government of Canada; Environment and Climate Change Canada; Canadian Wildlife Service</gco:CharacterString>
        <gmd:PT_FreeText>
          <gmd:textGroup>
            <gmd:LocalisedCharacterString locale="#fra">Gouvernement du Canada; Environnement et Changement climatique Canada; Service canadien de la faune</gmd:LocalisedCharacterString>
          </gmd:textGroup>
        </gmd:PT_FreeText>
      </gmd:organisationName>
      <gmd:contactInfo>
        <gmd:CI_Contact>
          <gmd:phone>
            <gmd:CI_Telephone>
              <gmd:voice gco:nilReason="missing" xsi:type="gmd:PT_FreeText_PropertyType">
                <gco:CharacterString />
                <gmd:PT_FreeText>
                  <gmd:textGroup>
                    <gmd:LocalisedCharacterString locale="#fra" />
                  </gmd:textGroup>
                </gmd:PT_FreeText>
              </gmd:voice>
              <gmd:facsimile gco:nilReason="missing">
                <gco:CharacterString />
              </gmd:facsimile>
            </gmd:CI_Telephone>
          </gmd:phone>
          <gmd:address>
            <gmd:CI_Address>
              <gmd:deliveryPoint xsi:type="gmd:PT_FreeText_PropertyType">
                <gco:CharacterString>351 Boulevard Saint-Joseph</gco:CharacterString>
                <gmd:PT_FreeText>
                  <gmd:textGroup>
                    <gmd:LocalisedCharacterString locale="#fra">351 Boulevard Saint-Joseph</gmd:LocalisedCharacterString>
                  </gmd:textGroup>
                </gmd:PT_FreeText>
              </gmd:deliveryPoint>
              <gmd:city>
                <gco:CharacterString>Gatineau</gco:CharacterString>
              </gmd:city>
              <gmd:administrativeArea xsi:type="gmd:PT_FreeText_PropertyType">
                <gco:CharacterString>Quebec</gco:CharacterString>
                <gmd:PT_FreeText>
                  <gmd:textGroup>
                    <gmd:LocalisedCharacterString locale="#fra">Québec</gmd:LocalisedCharacterString>
                  </gmd:textGroup>
                </gmd:PT_FreeText>
              </gmd:administrativeArea>
              <gmd:postalCode>
                <gco:CharacterString>J8Y 3Z5</gco:CharacterString>
              </gmd:postalCode>
              <gmd:country xsi:type="gmd:PT_FreeText_PropertyType">
                <gco:CharacterString>Canada</gco:CharacterString>
                <gmd:PT_FreeText>
                  <gmd:textGroup>
                    <gmd:LocalisedCharacterString locale="#fra">Canada (le)</gmd:LocalisedCharacterString>
                  </gmd:textGroup>
                </gmd:PT_FreeText>
              </gmd:country>
              <gmd:electronicMailAddress xsi:type="gmd:PT_FreeText_PropertyType">
                <gco:CharacterString>ec.lp-pp.ec@ec.gc.ca</gco:CharacterString>
                <gmd:PT_FreeText>
                  <gmd:textGroup>
                    <gmd:LocalisedCharacterString locale="#fra">ec.lp-pp.ec@ec.gc.ca</gmd:LocalisedCharacterString>
                  </gmd:textGroup>
                </gmd:PT_FreeText>
              </gmd:electronicMailAddress>
            </gmd:CI_Address>
          </gmd:address>
        </gmd:CI_Contact>
      </gmd:contactInfo>
      <gmd:role>
        <gmd:CI_RoleCode codeList="https://schemas.metadata.geo.ca/register/napMetadataRegister.xml#IC_90" codeListValue="RI_414">pointOfContact; contact</gmd:CI_RoleCode>
      </gmd:role>
    </gmd:CI_ResponsibleParty>
  </gmd:contact>
  <gmd:dateStamp xmlns="http://www.isotc211.org/2005/gmd">
    <gco:DateTime>2023-10-06T14:47:25</gco:DateTime>
  </gmd:dateStamp>
  <gmd:metadataStandardName xmlns="http://www.isotc211.org/2005/gmd" xsi:type="gmd:PT_FreeText_PropertyType">
    <gco:CharacterString>North American Profile of ISO 19115:2003 - Geographic information - Metadata</gco:CharacterString>
    <gmd:PT_FreeText>
      <gmd:textGroup>
        <gmd:LocalisedCharacterString locale="#fra">Profil nord-américain de la norme ISO 19115:2003 - Information géographique - Métadonnées</gmd:LocalisedCharacterString>
      </gmd:textGroup>
    </gmd:PT_FreeText>
  </gmd:metadataStandardName>
  <gmd:metadataStandardVersion xmlns="http://www.isotc211.org/2005/gmd">
    <gco:CharacterString>CAN/CGSB-171.100-2009</gco:CharacterString>
  </gmd:metadataStandardVersion>
  <gmd:dataSetURI xmlns="http://www.isotc211.org/2005/gmd" gco:nilReason="missing">
    <gco:CharacterString />
  </gmd:dataSetURI>
  <gmd:locale xmlns="http://www.isotc211.org/2005/gmd">
    <gmd:PT_Locale id="fra">
      <gmd:languageCode>
        <gmd:LanguageCode codeList="https://schemas.metadata.geo.ca/register/napMetadataRegister.xml#IC_116" codeListValue="fra">French; Français</gmd:LanguageCode>
      </gmd:languageCode>
      <gmd:country>
        <gmd:Country codeList="https://schemas.metadata.geo.ca/register/napMetadataRegister.xml#IC_117" codeListValue="CAN">Canada; Canada</gmd:Country>
      </gmd:country>
      <gmd:characterEncoding>
        <gmd:MD_CharacterSetCode codeList="https://schemas.metadata.geo.ca/register/napMetadataRegister.xml#IC_95" codeListValue="RI_458">utf8; utf8</gmd:MD_CharacterSetCode>
      </gmd:characterEncoding>
    </gmd:PT_Locale>
  </gmd:locale>
  <gmd:referenceSystemInfo xmlns="http://www.isotc211.org/2005/gmd">
    <gmd:MD_ReferenceSystem>
      <gmd:referenceSystemIdentifier>
        <gmd:RS_Identifier>
          <gmd:code>
            <gco:CharacterString>EPSG:3978</gco:CharacterString>
          </gmd:code>
          <gmd:codeSpace>
            <gco:CharacterString>http://www.epsg-registry.org</gco:CharacterString>
          </gmd:codeSpace>
          <gmd:version gco:nilReason="missing">
            <gco:CharacterString />
          </gmd:version>
        </gmd:RS_Identifier>
      </gmd:referenceSystemIdentifier>
    </gmd:MD_ReferenceSystem>
  </gmd:referenceSystemInfo>
  <gmd:identificationInfo xmlns="http://www.isotc211.org/2005/gmd">
    <gmd:MD_DataIdentification>
      <gmd:citation>
        <gmd:CI_Citation>
          <gmd:title xsi:type="gmd:PT_FreeText_PropertyType">
            <gco:CharacterString>Priority Places for Species at Risk (Terrestrial): Boundaries</gco:CharacterString>
            <gmd:PT_FreeText>
              <gmd:textGroup>
                <gmd:LocalisedCharacterString locale="#fra">Lieux prioritaires pour les espèces en péril (terrestres) : limites</gmd:LocalisedCharacterString>
              </gmd:textGroup>
            </gmd:PT_FreeText>
          </gmd:title>
          <gmd:date>
            <gmd:CI_Date>
              <gmd:date>
                <gco:Date>2018-12-31</gco:Date>
              </gmd:date>
              <gmd:dateType>
                <gmd:CI_DateTypeCode codeList="https://schemas.metadata.geo.ca/register/napMetadataRegister.xml#IC_87" codeListValue="RI_366">creation; création</gmd:CI_DateTypeCode>
              </gmd:dateType>
            </gmd:CI_Date>
          </gmd:date>
          <gmd:date>
            <gmd:CI_Date>
              <gmd:date>
                <gco:Date>2022-03-10</gco:Date>
              </gmd:date>
              <gmd:dateType>
                <gmd:CI_DateTypeCode codeList="https://schemas.metadata.geo.ca/register/napMetadataRegister.xml#IC_87" codeListValue="RI_367">publication; publication</gmd:CI_DateTypeCode>
              </gmd:dateType>
            </gmd:CI_Date>
          </gmd:date>
          <gmd:date xmlns:gn="http://www.fao.org/geonetwork">
            <gmd:CI_Date>
              <gmd:date>
                <gco:Date>2023-11-01</gco:Date>
              </gmd:date>
              <gmd:dateType>
                <gmd:CI_DateTypeCode codeList="https://schemas.metadata.geo.ca/register/napMetadataRegister.xml#IC_87" codeListValue="RI_368">revision; révision</gmd:CI_DateTypeCode>
              </gmd:dateType>
            </gmd:CI_Date>
          </gmd:date>
          <gmd:identifier>
            <gmd:MD_Identifier>
              <gmd:code />
            </gmd:MD_Identifier>
          </gmd:identifier>
          <gmd:citedResponsibleParty>
            <gmd:CI_ResponsibleParty>
              <gmd:organisationName xsi:type="gmd:PT_FreeText_PropertyType">
                <gco:CharacterString>Government of Canada; Environment and Climate Change Canada; Canadian Wildlife Service</gco:CharacterString>
                <gmd:PT_FreeText>
                  <gmd:textGroup>
                    <gmd:LocalisedCharacterString locale="#fra">Gouvernement du Canada; Environnement et Changement climatique Canada; Service canadien de la faune</gmd:LocalisedCharacterString>
                  </gmd:textGroup>
                </gmd:PT_FreeText>
              </gmd:organisationName>
              <gmd:contactInfo>
                <gmd:CI_Contact>
                  <gmd:phone>
                    <gmd:CI_Telephone>
                      <gmd:voice gco:nilReason="missing" xsi:type="gmd:PT_FreeText_PropertyType">
                        <gco:CharacterString />
                        <gmd:PT_FreeText>
                          <gmd:textGroup>
                            <gmd:LocalisedCharacterString locale="#fra" />
                          </gmd:textGroup>
                        </gmd:PT_FreeText>
                      </gmd:voice>
                      <gmd:facsimile gco:nilReason="missing">
                        <gco:CharacterString />
                      </gmd:facsimile>
                    </gmd:CI_Telephone>
                  </gmd:phone>
                  <gmd:address>
                    <gmd:CI_Address>
                      <gmd:deliveryPoint xsi:type="gmd:PT_FreeText_PropertyType">
                        <gco:CharacterString>351 Boulevard Saint-Joseph</gco:CharacterString>
                        <gmd:PT_FreeText>
                          <gmd:textGroup>
                            <gmd:LocalisedCharacterString locale="#fra">351 Boulevard Saint-Joseph</gmd:LocalisedCharacterString>
                          </gmd:textGroup>
                        </gmd:PT_FreeText>
                      </gmd:deliveryPoint>
                      <gmd:city>
                        <gco:CharacterString>Gatineau</gco:CharacterString>
                      </gmd:city>
                      <gmd:administrativeArea xsi:type="gmd:PT_FreeText_PropertyType">
                        <gco:CharacterString>Quebec</gco:CharacterString>
                        <gmd:PT_FreeText>
                          <gmd:textGroup>
                            <gmd:LocalisedCharacterString locale="#fra">Québec</gmd:LocalisedCharacterString>
                          </gmd:textGroup>
                        </gmd:PT_FreeText>
                      </gmd:administrativeArea>
                      <gmd:postalCode>
                        <gco:CharacterString>J8Y 3Z5</gco:CharacterString>
                      </gmd:postalCode>
                      <gmd:country xsi:type="gmd:PT_FreeText_PropertyType">
                        <gco:CharacterString>Canada</gco:CharacterString>
                        <gmd:PT_FreeText>
                          <gmd:textGroup>
                            <gmd:LocalisedCharacterString locale="#fra">Canada (le)</gmd:LocalisedCharacterString>
                          </gmd:textGroup>
                        </gmd:PT_FreeText>
                      </gmd:country>
                      <gmd:electronicMailAddress xsi:type="gmd:PT_FreeText_PropertyType">
                        <gco:CharacterString>ec.lp-pp.ec@ec.gc.ca</gco:CharacterString>
                        <gmd:PT_FreeText>
                          <gmd:textGroup>
                            <gmd:LocalisedCharacterString locale="#fra">ec.lp-pp.ec@ec.gc.ca</gmd:LocalisedCharacterString>
                          </gmd:textGroup>
                        </gmd:PT_FreeText>
                      </gmd:electronicMailAddress>
                    </gmd:CI_Address>
                  </gmd:address>
                </gmd:CI_Contact>
              </gmd:contactInfo>
              <gmd:role>
                <gmd:CI_RoleCode codeList="https://schemas.metadata.geo.ca/register/napMetadataRegister.xml#IC_90" codeListValue="RI_414">pointOfContact; contact</gmd:CI_RoleCode>
              </gmd:role>
            </gmd:CI_ResponsibleParty>
          </gmd:citedResponsibleParty>
        </gmd:CI_Citation>
      </gmd:citation>
      <gmd:abstract xsi:type="gmd:PT_FreeText_PropertyType">
        <gco:CharacterString>A Priority Place is an area of high biodiversity value that is seen as a distinct place with a common ecological theme by the people who live and work there. As part of the Pan-Canadian approach to transforming Species at Risk conservation in Canada, a total of 11 Priority Places were affirmed by federal, provincial, and territorial governments in December 2018. The places selected have significant biodiversity, concentrations of species at risk, and opportunities to advance conservation efforts. In each Priority Place, the federal and provincial or territorial governments are working with Indigenous Peoples, partners, and stakeholders to develop conservation implementation plans. This dataset displays the geographic area covered by each of the 11 Priority Places using the best available information from the Canadian Wildlife Service (CWS). Boundary information for each Priority Place was provided by its respective CWS regional office.

The federal government, in collaboration with the provinces and territories, has agreed to the implementation of the Pan-Canadian Approach to Transforming Species at Risk Conservation in Canada. This new approach shifts from a single-species approach to conservation to one that focuses on multiple species and ecosystems. This enables conservation partners to work together to achieve better outcomes for species at risk. These 11 Priority Places are complemented by a suite of Community-Nominated Priority Places (CNPP), identified through an open call for applications.</gco:CharacterString>
        <gmd:PT_FreeText>
          <gmd:textGroup>
            <gmd:LocalisedCharacterString locale="#fra">Un lieu prioritaire est une zone de grande valeur pour la biodiversité qui est considérée, par les gens qui y vivent et y travaillent, comme un endroit distinct avec un thème écologique commun. Dans le cadre de l’Approche pancanadienne pour la transformation de la conservation des espèces en péril au Canada, les gouvernements fédéral, provinciaux et territoriaux ont confirmé un total de 11 lieux prioritaires en décembre 2018. Les lieux choisis ont une biodiversité importante, des concentrations élevées d’espèces en péril et offrent des possibilités de faire progresser les efforts de conservation. Dans chaque lieu prioritaire, les gouvernements fédéral, provinciaux et territoriaux travaillent avec les peuples autochtones et d’autres partenaires et intervenants pour élaborer des plans de mise en œuvre de la conservation. Cet ensemble de données présente la zone géographique couverte par chacun des 11 lieux prioritaires au moyen des meilleures informations disponibles auprès du Service canadien de la faune (SCF). Les limites géographiques de chaque lieu prioritaire ont été fournies par les bureaux régionaux respectifs du SCF.

Le gouvernement fédéral, en collaboration avec les provinces et les territoires, a accepté de mettre en œuvre l’Approche pancanadienne pour la transformation de la conservation des espèces en péril au Canada. Cette nouvelle approche abandonnera l’approche de conservation axée sur une seule espèce en faveur d’une approche axée sur plusieurs espèces et écosystèmes. Elle permet aux partenaires en conservation de travailler de concert pour améliorer les résultats obtenus pour les espèces en péril. Ces 11 lieux prioritaires sont complétés par un ensemble de lieux prioritaires désignés par les collectivités (LPDC), identifiés dans le cadre d’un appel de candidatures ouvert.</gmd:LocalisedCharacterString>
          </gmd:textGroup>
        </gmd:PT_FreeText>
      </gmd:abstract>
      <gmd:status>
        <gmd:MD_ProgressCode codeList="https://schemas.metadata.geo.ca/register/napMetadataRegister.xml#IC_106" codeListValue="RI_593">completed; complété</gmd:MD_ProgressCode>
      </gmd:status>
      <gmd:resourceMaintenance>
        <gmd:MD_MaintenanceInformation>
          <gmd:maintenanceAndUpdateFrequency>
            <gmd:MD_MaintenanceFrequencyCode codeList="https://schemas.metadata.geo.ca/register/napMetadataRegister.xml#IC_102" codeListValue="RI_540">asNeeded; auBesoin</gmd:MD_MaintenanceFrequencyCode>
          </gmd:maintenanceAndUpdateFrequency>
        </gmd:MD_MaintenanceInformation>
      </gmd:resourceMaintenance>
      <gmd:graphicOverview>
        <gmd:MD_BrowseGraphic>
          <gmd:fileName>
            <gco:CharacterString>https://catalogue.ec.gc.ca/geonetwork/srv/api/records/bdb8ba6a-9c0a-47ed-971d-5eefa8fe977f/attachments/Thumbnail_Boundary.png</gco:CharacterString>
          </gmd:fileName>
          <gmd:fileDescription xsi:type="gmd:PT_FreeText_PropertyType">
            <gco:CharacterString>Boundary.png</gco:CharacterString>
            <gmd:PT_FreeText>
              <gmd:textGroup>
                <gmd:LocalisedCharacterString locale="#fra">Limite.png</gmd:LocalisedCharacterString>
              </gmd:textGroup>
            </gmd:PT_FreeText>
          </gmd:fileDescription>
        </gmd:MD_BrowseGraphic>
      </gmd:graphicOverview>
      <gmd:descriptiveKeywords>
        <gmd:MD_Keywords>
          <gmd:keyword xsi:type="gmd:PT_FreeText_PropertyType">
            <gco:CharacterString>Priority Place</gco:CharacterString>
            <gmd:PT_FreeText>
              <gmd:textGroup>
                <gmd:LocalisedCharacterString locale="#fra">Lieu prioritaire</gmd:LocalisedCharacterString>
              </gmd:textGroup>
            </gmd:PT_FreeText>
          </gmd:keyword>
          <gmd:keyword xsi:type="gmd:PT_FreeText_PropertyType">
            <gco:CharacterString>Pan-Canadian approach</gco:CharacterString>
            <gmd:PT_FreeText>
              <gmd:textGroup>
                <gmd:LocalisedCharacterString locale="#fra">Approche pancanadienne</gmd:LocalisedCharacterString>
              </gmd:textGroup>
            </gmd:PT_FreeText>
          </gmd:keyword>
          <gmd:keyword xsi:type="gmd:PT_FreeText_PropertyType">
            <gco:CharacterString>Species at Risk</gco:CharacterString>
            <gmd:PT_FreeText>
              <gmd:textGroup>
                <gmd:LocalisedCharacterString locale="#fra">Espèces en péril</gmd:LocalisedCharacterString>
              </gmd:textGroup>
            </gmd:PT_FreeText>
          </gmd:keyword>
          <gmd:keyword xsi:type="gmd:PT_FreeText_PropertyType">
            <gco:CharacterString>Migratory Birds</gco:CharacterString>
            <gmd:PT_FreeText>
              <gmd:textGroup>
                <gmd:LocalisedCharacterString locale="#fra">Oiseaux migrateurs</gmd:LocalisedCharacterString>
              </gmd:textGroup>
            </gmd:PT_FreeText>
          </gmd:keyword>
          <gmd:keyword xsi:type="gmd:PT_FreeText_PropertyType">
            <gco:CharacterString>Biodiversity</gco:CharacterString>
            <gmd:PT_FreeText>
              <gmd:textGroup>
                <gmd:LocalisedCharacterString locale="#fra">Biodiversité</gmd:LocalisedCharacterString>
              </gmd:textGroup>
            </gmd:PT_FreeText>
          </gmd:keyword>
          <gmd:keyword xsi:type="gmd:PT_FreeText_PropertyType">
            <gco:CharacterString>Canada Nature Fund</gco:CharacterString>
            <gmd:PT_FreeText>
              <gmd:textGroup>
                <gmd:LocalisedCharacterString locale="#fra">Fonds de la nature du Canada</gmd:LocalisedCharacterString>
              </gmd:textGroup>
            </gmd:PT_FreeText>
          </gmd:keyword>
          <gmd:keyword xsi:type="gmd:PT_FreeText_PropertyType">
            <gco:CharacterString>Conservation Action Plan</gco:CharacterString>
            <gmd:PT_FreeText>
              <gmd:textGroup>
                <gmd:LocalisedCharacterString locale="#fra">Plan d’action de conservation</gmd:LocalisedCharacterString>
              </gmd:textGroup>
            </gmd:PT_FreeText>
          </gmd:keyword>
          <gmd:type>
            <gmd:MD_KeywordTypeCode codeList="https://schemas.metadata.geo.ca/register/napMetadataRegister.xml#IC_101" codeListValue="RI_524">discipline; discipline</gmd:MD_KeywordTypeCode>
          </gmd:type>
        </gmd:MD_Keywords>
      </gmd:descriptiveKeywords>
      <gmd:descriptiveKeywords>
        <gmd:MD_Keywords>
          <gmd:keyword xsi:type="gmd:PT_FreeText_PropertyType">
            <gco:CharacterString>Kespukwitk / Southwest Nova Scotia</gco:CharacterString>
            <gmd:PT_FreeText>
              <gmd:textGroup>
                <gmd:LocalisedCharacterString locale="#fra">Kespukwitk / Sud ouest de la Nouvelle Écosse</gmd:LocalisedCharacterString>
              </gmd:textGroup>
            </gmd:PT_FreeText>
          </gmd:keyword>
          <gmd:keyword xsi:type="gmd:PT_FreeText_PropertyType">
            <gco:CharacterString>Wolastok / Saint John River</gco:CharacterString>
            <gmd:PT_FreeText>
              <gmd:textGroup>
                <gmd:LocalisedCharacterString locale="#fra">Wolastok/fleuve Saint Jean</gmd:LocalisedCharacterString>
              </gmd:textGroup>
            </gmd:PT_FreeText>
          </gmd:keyword>
          <gmd:keyword xsi:type="gmd:PT_FreeText_PropertyType">
            <gco:CharacterString>PEI Forested Landscape</gco:CharacterString>
            <gmd:PT_FreeText>
              <gmd:textGroup>
                <gmd:LocalisedCharacterString locale="#fra">Paysage forestier de L’I-P-É</gmd:LocalisedCharacterString>
              </gmd:textGroup>
            </gmd:PT_FreeText>
          </gmd:keyword>
          <gmd:keyword xsi:type="gmd:PT_FreeText_PropertyType">
            <gco:CharacterString>St Lawrence Lowlands</gco:CharacterString>
            <gmd:PT_FreeText>
              <gmd:textGroup>
                <gmd:LocalisedCharacterString locale="#fra">Basses-terres du Saint Laurent</gmd:LocalisedCharacterString>
              </gmd:textGroup>
            </gmd:PT_FreeText>
          </gmd:keyword>
          <gmd:keyword xsi:type="gmd:PT_FreeText_PropertyType">
            <gco:CharacterString>Long Point Walsingham Forest</gco:CharacterString>
            <gmd:PT_FreeText>
              <gmd:textGroup>
                <gmd:LocalisedCharacterString locale="#fra">Forêt Walsingham de Long Point</gmd:LocalisedCharacterString>
              </gmd:textGroup>
            </gmd:PT_FreeText>
          </gmd:keyword>
          <gmd:keyword xsi:type="gmd:PT_FreeText_PropertyType">
            <gco:CharacterString>Southwest Manitoba</gco:CharacterString>
            <gmd:PT_FreeText>
              <gmd:textGroup>
                <gmd:LocalisedCharacterString locale="#fra">Sud-ouest du Manitoba</gmd:LocalisedCharacterString>
              </gmd:textGroup>
            </gmd:PT_FreeText>
          </gmd:keyword>
          <gmd:keyword xsi:type="gmd:PT_FreeText_PropertyType">
            <gco:CharacterString>South of the Divide</gco:CharacterString>
            <gmd:PT_FreeText>
              <gmd:textGroup>
                <gmd:LocalisedCharacterString locale="#fra">Sud de la ligne de partage des eaux</gmd:LocalisedCharacterString>
              </gmd:textGroup>
            </gmd:PT_FreeText>
          </gmd:keyword>
          <gmd:keyword xsi:type="gmd:PT_FreeText_PropertyType">
            <gco:CharacterString>Summit to Sage</gco:CharacterString>
            <gmd:PT_FreeText>
              <gmd:textGroup>
                <gmd:LocalisedCharacterString locale="#fra">De l'alpin à l'armoise</gmd:LocalisedCharacterString>
              </gmd:textGroup>
            </gmd:PT_FreeText>
          </gmd:keyword>
          <gmd:keyword xsi:type="gmd:PT_FreeText_PropertyType">
            <gco:CharacterString>Dry Interior British Columbia</gco:CharacterString>
            <gmd:PT_FreeText>
              <gmd:textGroup>
                <gmd:LocalisedCharacterString locale="#fra">Écorégion intérieure sèche de la Colombie-Britannique</gmd:LocalisedCharacterString>
              </gmd:textGroup>
            </gmd:PT_FreeText>
          </gmd:keyword>
          <gmd:keyword xsi:type="gmd:PT_FreeText_PropertyType">
            <gco:CharacterString>Southwest British Columbia</gco:CharacterString>
            <gmd:PT_FreeText>
              <gmd:textGroup>
                <gmd:LocalisedCharacterString locale="#fra">sud ouest de la Colombie Britannique</gmd:LocalisedCharacterString>
              </gmd:textGroup>
            </gmd:PT_FreeText>
          </gmd:keyword>
          <gmd:keyword xsi:type="gmd:PT_FreeText_PropertyType">
            <gco:CharacterString>Yukon South Beringia</gco:CharacterString>
            <gmd:PT_FreeText>
              <gmd:textGroup>
                <gmd:LocalisedCharacterString locale="#fra">Béringie Sud du Yukon</gmd:LocalisedCharacterString>
              </gmd:textGroup>
            </gmd:PT_FreeText>
          </gmd:keyword>
          <gmd:type>
            <gmd:MD_KeywordTypeCode codeList="https://schemas.metadata.geo.ca/register/napMetadataRegister.xml#IC_101" codeListValue="RI_525">place; endroit</gmd:MD_KeywordTypeCode>
          </gmd:type>
        </gmd:MD_Keywords>
      </gmd:descriptiveKeywords>
      <gmd:descriptiveKeywords>
        <gmd:MD_Keywords>
          <gmd:keyword xsi:type="gmd:PT_FreeText_PropertyType">
            <gco:CharacterString>Environment</gco:CharacterString>
            <gmd:PT_FreeText>
              <gmd:textGroup>
                <gmd:LocalisedCharacterString locale="#fra">Environnement</gmd:LocalisedCharacterString>
              </gmd:textGroup>
            </gmd:PT_FreeText>
          </gmd:keyword>
          <gmd:keyword xsi:type="gmd:PT_FreeText_PropertyType">
            <gco:CharacterString>Boundaries</gco:CharacterString>
            <gmd:PT_FreeText>
              <gmd:textGroup>
                <gmd:LocalisedCharacterString locale="#fra">Frontière</gmd:LocalisedCharacterString>
              </gmd:textGroup>
            </gmd:PT_FreeText>
          </gmd:keyword>
          <gmd:keyword xsi:type="gmd:PT_FreeText_PropertyType">
            <gco:CharacterString>Endangered species</gco:CharacterString>
            <gmd:PT_FreeText>
              <gmd:textGroup>
                <gmd:LocalisedCharacterString locale="#fra">Espèce menacée</gmd:LocalisedCharacterString>
              </gmd:textGroup>
            </gmd:PT_FreeText>
          </gmd:keyword>
          <gmd:type>
            <gmd:MD_KeywordTypeCode codeList="https://schemas.metadata.geo.ca/register/napMetadataRegister.xml#IC_101" codeListValue="theme" />
          </gmd:type>
          <gmd:thesaurusName>
            <gmd:CI_Citation>
              <gmd:title xsi:type="gmd:PT_FreeText_PropertyType">
                <gco:CharacterString>Government of Canada Core Subject Thesaurus</gco:CharacterString>
                <gmd:PT_FreeText>
                  <gmd:textGroup>
                    <gmd:LocalisedCharacterString xmlns="" locale="#fra">Thésaurus des sujets de base du gouvernement du Canada</gmd:LocalisedCharacterString>
                  </gmd:textGroup>
                </gmd:PT_FreeText>
              </gmd:title>
              <gmd:date>
                <gmd:CI_Date>
                  <gmd:date>
                    <gco:Date>2004</gco:Date>
                  </gmd:date>
                  <gmd:dateType>
                    <gmd:CI_DateTypeCode xmlns="" codeList="https://schemas.metadata.geo.ca/register/napMetadataRegister.xml#IC_87" codeListValue="RI_367">publication; publication</gmd:CI_DateTypeCode>
                  </gmd:dateType>
                </gmd:CI_Date>
              </gmd:date>
              <gmd:date>
                <gmd:CI_Date>
                  <gmd:date>
                    <gco:Date>2016-07-04</gco:Date>
                  </gmd:date>
                  <gmd:dateType>
                    <gmd:CI_DateTypeCode xmlns="" codeListValue="RI_366" codeList="https://schemas.metadata.geo.ca/register/napMetadataRegister.xml#IC_87">creation;création</gmd:CI_DateTypeCode>
                  </gmd:dateType>
                </gmd:CI_Date>
              </gmd:date>
              <gmd:identifier>
                <gmd:MD_Identifier>
                  <gmd:code>
                    <gmx:Anchor xlink:href="https://catalogue.ec.gc.ca/geonetwork/srv/api/registries/vocabularies/external.theme.GC_Core_Subject">geonetwork.thesaurus.external.theme.GC_Core_Subject</gmx:Anchor>
                  </gmd:code>
                </gmd:MD_Identifier>
              </gmd:identifier>
              <gmd:citedResponsibleParty>
                <gmd:CI_ResponsibleParty>
                  <gmd:organisationName xsi:type="gmd:PT_FreeText_PropertyType">
                    <gco:CharacterString>Government of Canada; Library and Archives Canada</gco:CharacterString>
                    <gmd:PT_FreeText>
                      <gmd:textGroup>
                        <gmd:LocalisedCharacterString xmlns="" locale="#fra">Gouvernement du Canada; Bibliothèque et Archives Canada</gmd:LocalisedCharacterString>
                      </gmd:textGroup>
                    </gmd:PT_FreeText>
                  </gmd:organisationName>
                  <gmd:role>
                    <gmd:CI_RoleCode xmlns="" codeListValue="RI_409" codeList="https://schemas.metadata.geo.ca/register/napMetadataRegister.xml#IC_90">custodian; conservateur</gmd:CI_RoleCode>
                  </gmd:role>
                </gmd:CI_ResponsibleParty>
              </gmd:citedResponsibleParty>
            </gmd:CI_Citation>
          </gmd:thesaurusName>
        </gmd:MD_Keywords>
      </gmd:descriptiveKeywords>
      <gmd:descriptiveKeywords>
        <gmd:MD_Keywords>
          <gmd:keyword xsi:type="gmd:PT_FreeText_PropertyType">
            <gco:CharacterString>Protect Species Well-Being</gco:CharacterString>
            <gmd:PT_FreeText>
              <gmd:textGroup>
                <gmd:LocalisedCharacterString locale="#fra">Protéger le bien-être des espèces</gmd:LocalisedCharacterString>
              </gmd:textGroup>
            </gmd:PT_FreeText>
          </gmd:keyword>
          <gmd:keyword xsi:type="gmd:PT_FreeText_PropertyType">
            <gco:CharacterString>Plans and Reports for Species</gco:CharacterString>
            <gmd:PT_FreeText>
              <gmd:textGroup>
                <gmd:LocalisedCharacterString locale="#fra">Approfondir les connaissances scientifiques et formuler de nouvelles méthodes d'évaluation de l'état des sites</gmd:LocalisedCharacterString>
              </gmd:textGroup>
            </gmd:PT_FreeText>
          </gmd:keyword>
          <gmd:type>
            <gmd:MD_KeywordTypeCode codeList="https://schemas.metadata.geo.ca/register/napMetadataRegister.xml#IC_101" codeListValue="theme" />
          </gmd:type>
          <gmd:thesaurusName>
            <gmd:CI_Citation>
              <gmd:title xsi:type="gmd:PT_FreeText_PropertyType">
                <gco:CharacterString>Business Functions</gco:CharacterString>
                <gmd:PT_FreeText>
                  <gmd:textGroup>
                    <gmd:LocalisedCharacterString xmlns="" locale="#fra">Fonctions de l'entreprise</gmd:LocalisedCharacterString>
                  </gmd:textGroup>
                </gmd:PT_FreeText>
              </gmd:title>
              <gmd:date>
                <gmd:CI_Date>
                  <gmd:date>
                    <gco:Date>2023-08-31</gco:Date>
                  </gmd:date>
                  <gmd:dateType>
                    <gmd:CI_DateTypeCode xmlns="" codeList="https://schemas.metadata.geo.ca/register/napMetadataRegister.xml#IC_87" codeListValue="RI_367">publication; publication</gmd:CI_DateTypeCode>
                  </gmd:dateType>
                </gmd:CI_Date>
              </gmd:date>
              <gmd:date>
                <gmd:CI_Date>
                  <gmd:date>
                    <gco:Date>2023-08-31</gco:Date>
                  </gmd:date>
                  <gmd:dateType>
                    <gmd:CI_DateTypeCode xmlns="" codeListValue="RI_366" codeList="https://schemas.metadata.geo.ca/register/napMetadataRegister.xml#IC_87">creation;création</gmd:CI_DateTypeCode>
                  </gmd:dateType>
                </gmd:CI_Date>
              </gmd:date>
              <gmd:identifier>
                <gmd:MD_Identifier>
                  <gmd:code>
                    <gmx:Anchor xlink:href="https://catalogue.ec.gc.ca/geonetwork/srv/api/registries/vocabularies/external.theme.EC_Functions">geonetwork.thesaurus.external.theme.EC_Functions</gmx:Anchor>
                  </gmd:code>
                </gmd:MD_Identifier>
              </gmd:identifier>
              <gmd:citedResponsibleParty>
                <gmd:CI_ResponsibleParty>
                  <gmd:organisationName xsi:type="gmd:PT_FreeText_PropertyType">
                    <gco:CharacterString>Government of Canada; Library and Archives Canada</gco:CharacterString>
                    <gmd:PT_FreeText>
                      <gmd:textGroup>
                        <gmd:LocalisedCharacterString xmlns="" locale="#fra">Gouvernement du Canada; Bibliothèque et Archives Canada</gmd:LocalisedCharacterString>
                      </gmd:textGroup>
                    </gmd:PT_FreeText>
                  </gmd:organisationName>
                  <gmd:role>
                    <gmd:CI_RoleCode xmlns="" codeListValue="RI_409" codeList="https://schemas.metadata.geo.ca/register/napMetadataRegister.xml#IC_90">custodian; conservateur</gmd:CI_RoleCode>
                  </gmd:role>
                </gmd:CI_ResponsibleParty>
              </gmd:citedResponsibleParty>
            </gmd:CI_Citation>
          </gmd:thesaurusName>
        </gmd:MD_Keywords>
      </gmd:descriptiveKeywords>
      <gmd:resourceConstraints>
        <gmd:MD_LegalConstraints>
          <gmd:useLimitation xsi:type="gmd:PT_FreeText_PropertyType">
            <gco:CharacterString>Open Government Licence - Canada (http://open.canada.ca/en/open-government-licence-canada)</gco:CharacterString>
            <gmd:PT_FreeText>
              <gmd:textGroup>
                <gmd:LocalisedCharacterString locale="#fra">Licence du gouvernement ouvert - Canada (http://ouvert.canada.ca/fr/licence-du-gouvernement-ouvert-canada)</gmd:LocalisedCharacterString>
              </gmd:textGroup>
            </gmd:PT_FreeText>
          </gmd:useLimitation>
          <gmd:accessConstraints>
            <gmd:MD_RestrictionCode codeList="https://schemas.metadata.geo.ca/register/napMetadataRegister.xml#IC_107" codeListValue="RI_606">license; licence</gmd:MD_RestrictionCode>
          </gmd:accessConstraints>
          <gmd:useConstraints>
            <gmd:MD_RestrictionCode codeList="https://schemas.metadata.geo.ca/register/napMetadataRegister.xml#IC_107" codeListValue="RI_606">license; licence</gmd:MD_RestrictionCode>
          </gmd:useConstraints>
          <gmd:otherConstraints gco:nilReason="missing" xsi:type="gmd:PT_FreeText_PropertyType">
            <gco:CharacterString />
            <gmd:PT_FreeText>
              <gmd:textGroup>
                <gmd:LocalisedCharacterString locale="#fra" />
              </gmd:textGroup>
            </gmd:PT_FreeText>
          </gmd:otherConstraints>
        </gmd:MD_LegalConstraints>
      </gmd:resourceConstraints>
      <gmd:spatialRepresentationType>
        <gmd:MD_SpatialRepresentationTypeCode codeListValue="RI_635" codeList="https://schemas.metadata.geo.ca/register/napMetadataRegister.xml#IC_109">vector; vecteur</gmd:MD_SpatialRepresentationTypeCode>
      </gmd:spatialRepresentationType>
      <gmd:language>
        <gco:CharacterString>eng; CAN, fr; CAN</gco:CharacterString>
      </gmd:language>
      <gmd:characterSet>
        <gmd:MD_CharacterSetCode codeList="https://schemas.metadata.geo.ca/register/napMetadataRegister.xml#IC_95" codeListValue="utf8" />
      </gmd:characterSet>
      <gmd:topicCategory>
        <gmd:MD_TopicCategoryCode>environment</gmd:MD_TopicCategoryCode>
      </gmd:topicCategory>
      <gmd:topicCategory>
        <gmd:MD_TopicCategoryCode>biota</gmd:MD_TopicCategoryCode>
      </gmd:topicCategory>
      <gmd:topicCategory>
        <gmd:MD_TopicCategoryCode>boundaries</gmd:MD_TopicCategoryCode>
      </gmd:topicCategory>
      <gmd:environmentDescription gco:nilReason="missing" xsi:type="gmd:PT_FreeText_PropertyType">
        <gco:CharacterString />
      </gmd:environmentDescription>
      <gmd:extent>
        <gmd:EX_Extent>
          <gmd:temporalElement>
            <gmd:EX_TemporalExtent>
              <gmd:extent>
                <gml:TimePeriod gml:id="d3794589e942">
                  <gml:beginPosition>2018-12-31</gml:beginPosition>
                  <gml:endPosition />
                </gml:TimePeriod>
              </gmd:extent>
            </gmd:EX_TemporalExtent>
          </gmd:temporalElement>
        </gmd:EX_Extent>
      </gmd:extent>
      <gmd:extent>
        <gmd:EX_Extent>
          <gmd:geographicElement>
            <gmd:EX_GeographicBoundingBox>
              <gmd:westBoundLongitude>
                <gco:Decimal>-141.01</gco:Decimal>
              </gmd:westBoundLongitude>
              <gmd:eastBoundLongitude>
                <gco:Decimal>-52.617</gco:Decimal>
              </gmd:eastBoundLongitude>
              <gmd:southBoundLatitude>
                <gco:Decimal>41.669</gco:Decimal>
              </gmd:southBoundLatitude>
              <gmd:northBoundLatitude>
                <gco:Decimal>83.117</gco:Decimal>
              </gmd:northBoundLatitude>
            </gmd:EX_GeographicBoundingBox>
          </gmd:geographicElement>
        </gmd:EX_Extent>
      </gmd:extent>
      <gmd:supplementalInformation gco:nilReason="missing" xsi:type="gmd:PT_FreeText_PropertyType">
        <gco:CharacterString />
      </gmd:supplementalInformation>
    </gmd:MD_DataIdentification>
  </gmd:identificationInfo>
  <gmd:distributionInfo>
    <gmd:MD_Distribution>
      <gmd:distributionFormat xmlns="http://www.isotc211.org/2005/gmd">
        <gmd:MD_Format>
          <gmd:name>
            <gco:CharacterString>FGDB/GDB</gco:CharacterString>
          </gmd:name>
          <gmd:version>
            <gco:CharacterString>1</gco:CharacterString>
          </gmd:version>
        </gmd:MD_Format>
      </gmd:distributionFormat>
      <gmd:distributor xmlns="http://www.isotc211.org/2005/gmd">
        <gmd:MD_Distributor>
          <gmd:distributorContact>
            <gmd:CI_ResponsibleParty>
              <gmd:organisationName xsi:type="gmd:PT_FreeText_PropertyType">
                <gco:CharacterString>Government of Canada; Environment and Climate Change Canada; Canadian Wildlife Service</gco:CharacterString>
                <gmd:PT_FreeText>
                  <gmd:textGroup>
                    <gmd:LocalisedCharacterString locale="#fra">Gouvernement du Canada; Environnement et Changement climatique Canada; Service canadien de la faune</gmd:LocalisedCharacterString>
                  </gmd:textGroup>
                </gmd:PT_FreeText>
              </gmd:organisationName>
              <gmd:contactInfo>
                <gmd:CI_Contact>
                  <gmd:phone>
                    <gmd:CI_Telephone>
                      <gmd:voice gco:nilReason="missing" xsi:type="gmd:PT_FreeText_PropertyType">
                        <gco:CharacterString />
                        <gmd:PT_FreeText>
                          <gmd:textGroup>
                            <gmd:LocalisedCharacterString locale="#fra" />
                          </gmd:textGroup>
                        </gmd:PT_FreeText>
                      </gmd:voice>
                      <gmd:facsimile gco:nilReason="missing">
                        <gco:CharacterString />
                      </gmd:facsimile>
                    </gmd:CI_Telephone>
                  </gmd:phone>
                  <gmd:address>
                    <gmd:CI_Address>
                      <gmd:deliveryPoint gco:nilReason="missing" xsi:type="gmd:PT_FreeText_PropertyType">
                        <gco:CharacterString />
                        <gmd:PT_FreeText>
                          <gmd:textGroup>
                            <gmd:LocalisedCharacterString locale="#fra" />
                          </gmd:textGroup>
                        </gmd:PT_FreeText>
                      </gmd:deliveryPoint>
                      <gmd:city gco:nilReason="missing">
                        <gco:CharacterString />
                      </gmd:city>
                      <gmd:administrativeArea gco:nilReason="missing" xsi:type="gmd:PT_FreeText_PropertyType">
                        <gco:CharacterString />
                        <gmd:PT_FreeText>
                          <gmd:textGroup>
                            <gmd:LocalisedCharacterString locale="#fra" />
                          </gmd:textGroup>
                        </gmd:PT_FreeText>
                      </gmd:administrativeArea>
                      <gmd:postalCode gco:nilReason="missing">
                        <gco:CharacterString />
                      </gmd:postalCode>
                      <gmd:country gco:nilReason="missing" xsi:type="gmd:PT_FreeText_PropertyType">
                        <gco:CharacterString />
                        <gmd:PT_FreeText>
                          <gmd:textGroup>
                            <gmd:LocalisedCharacterString locale="#fra" />
                          </gmd:textGroup>
                        </gmd:PT_FreeText>
                      </gmd:country>
                      <gmd:electronicMailAddress xsi:type="gmd:PT_FreeText_PropertyType">
                        <gco:CharacterString>ec.lp-pp.ec@ec.gc.ca</gco:CharacterString>
                        <gmd:PT_FreeText>
                          <gmd:textGroup>
                            <gmd:LocalisedCharacterString locale="#fra">ec.lp-pp.ec@ec.gc.ca</gmd:LocalisedCharacterString>
                          </gmd:textGroup>
                        </gmd:PT_FreeText>
                      </gmd:electronicMailAddress>
                    </gmd:CI_Address>
                  </gmd:address>
                </gmd:CI_Contact>
              </gmd:contactInfo>
              <gmd:role>
                <gmd:CI_RoleCode codeList="https://schemas.metadata.geo.ca/register/napMetadataRegister.xml#IC_90" codeListValue="RI_412">distributor; distributeur</gmd:CI_RoleCode>
              </gmd:role>
            </gmd:CI_ResponsibleParty>
          </gmd:distributorContact>
        </gmd:MD_Distributor>
      </gmd:distributor>
      <gmd:transferOptions>
        <gmd:MD_DigitalTransferOptions>
          <gmd:onLine>
            <gmd:CI_OnlineResource>
              <gmd:linkage>
                <gmd:URL>https://data-donnees.ec.gc.ca/data/species/plansreports/priority-places-for-species-at-risk/EN/PriorityPlaces.gdb.zip</gmd:URL>
              </gmd:linkage>
              <gmd:protocol>
                <gco:CharacterString>HTTPS</gco:CharacterString>
              </gmd:protocol>
              <gmd:name xsi:type="gmd:PT_FreeText_PropertyType">
                <gco:CharacterString>Priority Places</gco:CharacterString>
                <gmd:PT_FreeText>
                  <gmd:textGroup>
                    <gmd:LocalisedCharacterString locale="#fra">Lieux prioritaires</gmd:LocalisedCharacterString>
                  </gmd:textGroup>
                </gmd:PT_FreeText>
              </gmd:name>
              <gmd:description xsi:type="gmd:PT_FreeText_PropertyType">
                <gco:CharacterString>Dataset;FGDB/GDB;eng</gco:CharacterString>
                <gmd:PT_FreeText>
                  <gmd:textGroup>
                    <gmd:LocalisedCharacterString locale="#fra">Données;FGDB/GDB;eng</gmd:LocalisedCharacterString>
                  </gmd:textGroup>
                </gmd:PT_FreeText>
              </gmd:description>
              <gmd:function>
                <gmd:CI_OnLineFunctionCode codeList="http://standards.iso.org/iso/19139/resources/gmxCodelists.xml#CI_OnLineFunctionCode" codeListValue="RI_375" />
              </gmd:function>
            </gmd:CI_OnlineResource>
          </gmd:onLine>
          <gmd:onLine>
            <gmd:CI_OnlineResource>
              <gmd:linkage>
                <gmd:URL>https://data-donnees.ec.gc.ca/data/species/plansreports/priority-places-for-species-at-risk/FR/LieuxPrioritaires.gdb.zip</gmd:URL>
              </gmd:linkage>
              <gmd:protocol>
                <gco:CharacterString>HTTPS</gco:CharacterString>
              </gmd:protocol>
              <gmd:name xsi:type="gmd:PT_FreeText_PropertyType">
                <gco:CharacterString>Priority Places</gco:CharacterString>
                <gmd:PT_FreeText>
                  <gmd:textGroup>
                    <gmd:LocalisedCharacterString locale="#fra">Lieux prioritaires</gmd:LocalisedCharacterString>
                  </gmd:textGroup>
                </gmd:PT_FreeText>
              </gmd:name>
              <gmd:description xsi:type="gmd:PT_FreeText_PropertyType">
                <gco:CharacterString>Dataset;FGDB/GDB;fra</gco:CharacterString>
                <gmd:PT_FreeText>
                  <gmd:textGroup>
                    <gmd:LocalisedCharacterString locale="#fra">Données;FGDB/GDB;fra</gmd:LocalisedCharacterString>
                  </gmd:textGroup>
                </gmd:PT_FreeText>
              </gmd:description>
              <gmd:function>
                <gmd:CI_OnLineFunctionCode codeList="http://standards.iso.org/iso/19139/resources/gmxCodelists.xml#CI_OnLineFunctionCode" codeListValue="RI_375" />
              </gmd:function>
            </gmd:CI_OnlineResource>
          </gmd:onLine>
          <gmd:onLine xlink:role="urn:xml:lang:eng-CAN">
            <gmd:CI_OnlineResource>
              <gmd:linkage>
                <gmd:URL>https://maps-cartes.ec.gc.ca/arcgis/rest/services/CWS_SCF/PriorityPlaces/MapServer/1</gmd:URL>
              </gmd:linkage>
              <gmd:protocol>
                <gco:CharacterString>ESRI REST: Map Service</gco:CharacterString>
              </gmd:protocol>
              <gmd:name xsi:type="gmd:PT_FreeText_PropertyType">
                <gco:CharacterString>Priority Places: Boundaries</gco:CharacterString>
                <gmd:PT_FreeText>
                  <gmd:textGroup>
                    <gmd:LocalisedCharacterString locale="#fra">Lieux Prioritaires : Limites</gmd:LocalisedCharacterString>
                  </gmd:textGroup>
                </gmd:PT_FreeText>
              </gmd:name>
              <gmd:description xsi:type="gmd:PT_FreeText_PropertyType">
                <gco:CharacterString>Web Service;ESRI REST;eng</gco:CharacterString>
                <gmd:PT_FreeText>
                  <gmd:textGroup>
                    <gmd:LocalisedCharacterString locale="#fra">Service Web;ESRI REST;eng</gmd:LocalisedCharacterString>
                  </gmd:textGroup>
                </gmd:PT_FreeText>
              </gmd:description>
              <gmd:function>
                <gmd:CI_OnLineFunctionCode codeList="http://standards.iso.org/iso/19139/resources/gmxCodelists.xml#CI_OnLineFunctionCode" codeListValue="RI_385" />
              </gmd:function>
            </gmd:CI_OnlineResource>
          </gmd:onLine>
          <gmd:onLine xlink:role="urn:xml:lang:fra-CAN">
            <gmd:CI_OnlineResource>
              <gmd:linkage>
                <gmd:URL>https://maps-cartes.ec.gc.ca/arcgis/rest/services/CWS_SCF/LieuxPrioritaires/MapServer/1</gmd:URL>
              </gmd:linkage>
              <gmd:protocol>
                <gco:CharacterString>ESRI REST: Map Service</gco:CharacterString>
              </gmd:protocol>
              <gmd:name xsi:type="gmd:PT_FreeText_PropertyType">
                <gco:CharacterString>Priority Places: Boundaries</gco:CharacterString>
                <gmd:PT_FreeText>
                  <gmd:textGroup>
                    <gmd:LocalisedCharacterString locale="#fra">Lieux Prioritaires : Limites</gmd:LocalisedCharacterString>
                  </gmd:textGroup>
                </gmd:PT_FreeText>
              </gmd:name>
              <gmd:description xsi:type="gmd:PT_FreeText_PropertyType">
                <gco:CharacterString>Web Service;ESRI REST;fra</gco:CharacterString>
                <gmd:PT_FreeText>
                  <gmd:textGroup>
                    <gmd:LocalisedCharacterString locale="#fra">Service Web;ESRI REST;fra</gmd:LocalisedCharacterString>
                  </gmd:textGroup>
                </gmd:PT_FreeText>
              </gmd:description>
              <gmd:function>
                <gmd:CI_OnLineFunctionCode codeList="http://standards.iso.org/iso/19139/resources/gmxCodelists.xml#CI_OnLineFunctionCode" codeListValue="RI_385" />
              </gmd:function>
            </gmd:CI_OnlineResource>
          </gmd:onLine>
          <gmd:onLine>
            <gmd:CI_OnlineResource>
              <gmd:linkage>
                <gmd:URL>https://maps-cartes.ec.gc.ca/arcgis/services/CWS_SCF/PriorityPlaces/MapServer/WMSServer?request=GetCapabilities&amp;service=WMS</gmd:URL>
              </gmd:linkage>
              <gmd:protocol>
                <gco:CharacterString>HTTPS</gco:CharacterString>
              </gmd:protocol>
              <gmd:name xsi:type="gmd:PT_FreeText_PropertyType">
                <gco:CharacterString>Priority Places: Boundaries</gco:CharacterString>
                <gmd:PT_FreeText>
                  <gmd:textGroup>
                    <gmd:LocalisedCharacterString locale="#fra">Lieux Prioritaires : Limites</gmd:LocalisedCharacterString>
                  </gmd:textGroup>
                </gmd:PT_FreeText>
              </gmd:name>
              <gmd:description xsi:type="gmd:PT_FreeText_PropertyType">
                <gco:CharacterString>Web Service;WMS;eng</gco:CharacterString>
                <gmd:PT_FreeText>
                  <gmd:textGroup>
                    <gmd:LocalisedCharacterString locale="#fra">Service Web;WMS;eng</gmd:LocalisedCharacterString>
                  </gmd:textGroup>
                </gmd:PT_FreeText>
              </gmd:description>
              <gmd:function>
                <gmd:CI_OnLineFunctionCode codeList="http://standards.iso.org/iso/19139/resources/gmxCodelists.xml#CI_OnLineFunctionCode" codeListValue="RI_385" />
              </gmd:function>
            </gmd:CI_OnlineResource>
          </gmd:onLine>
          <gmd:onLine>
            <gmd:CI_OnlineResource>
              <gmd:linkage>
                <gmd:URL>https://maps-cartes.ec.gc.ca/arcgis/services/CWS_SCF/LieuxPrioritaires/MapServer/WMSServer?request=GetCapabilities&amp;service=WMS</gmd:URL>
              </gmd:linkage>
              <gmd:protocol>
                <gco:CharacterString>HTTPS</gco:CharacterString>
              </gmd:protocol>
              <gmd:name xsi:type="gmd:PT_FreeText_PropertyType">
                <gco:CharacterString>Priority Places: Boundaries</gco:CharacterString>
                <gmd:PT_FreeText>
                  <gmd:textGroup>
                    <gmd:LocalisedCharacterString locale="#fra">Lieux Prioritaires : Limites</gmd:LocalisedCharacterString>
                  </gmd:textGroup>
                </gmd:PT_FreeText>
              </gmd:name>
              <gmd:description xsi:type="gmd:PT_FreeText_PropertyType">
                <gco:CharacterString>Web Service;WMS;fra</gco:CharacterString>
                <gmd:PT_FreeText>
                  <gmd:textGroup>
                    <gmd:LocalisedCharacterString locale="#fra">Service Web;WMS;fra</gmd:LocalisedCharacterString>
                  </gmd:textGroup>
                </gmd:PT_FreeText>
              </gmd:description>
              <gmd:function>
                <gmd:CI_OnLineFunctionCode codeList="http://standards.iso.org/iso/19139/resources/gmxCodelists.xml#CI_OnLineFunctionCode" codeListValue="RI_385" />
              </gmd:function>
            </gmd:CI_OnlineResource>
          </gmd:onLine>
        </gmd:MD_DigitalTransferOptions>
      </gmd:transferOptions>
    </gmd:MD_Distribution>
  </gmd:distributionInfo>
</gmd:MD_Metadata>

