"record_id","elevation"
905988587,206.871002197266
905992285,206.871002197266
905992924,206.871002197266
905992956,206.871002197266
905992957,206.871002197266
905993719,206.871002197266
905993780,206.871002197266
905993853,206.871002197266
905998169,206.871002197266
905999656,206.871002197266
906001300,206.871002197266
906010049,206.871002197266
906010050,206.871002197266
906021294,206.871002197266
906026040,220.529998779297
906026335,206.871002197266
906026897,206.871002197266
906029661,220.529998779297
906031121,282.016021728516
906031192,183.000015258789
906032416,183.000015258789
906032434,220.529998779297
906033099,220.529998779297
906033549,220.529998779297
906034690,297.192016601562
906036162,220.529998779297
906037064,279.019989013672
906037065,279.019989013672
906037220,183.000015258789
906037244,183.000015258789
906037432,297.192016601562
906037433,297.192016601562
906037434,283.148010253906
906037435,283.148010253906
906037587,283.148010253906
906037588,283.148010253906
906037722,297.192016601562
906037957,322.06201171875
906037958,381.47998046875
906038309,220.529998779297
906038310,155.646011352539
906038340,358.433013916016
906038646,279.019989013672
906038647,279.019989013672
906039027,297.192016601562
906039088,322.06201171875
906039104,154.411010742188
906039325,322.06201171875
906039439,279.019989013672
906039576,220.529998779297
906039577,155.646011352539
906039598,358.433013916016
906039599,358.433013916016
906039669,358.433013916016
906039670,358.433013916016
906039770,322.06201171875
906039771,312.652008056641
906039802,220.529998779297
906039803,220.529998779297
906039804,155.646011352539
906039805,155.646011352539
906039806,155.646011352539
906039807,155.646011352539
906039808,155.646011352539
906039809,155.646011352539
906039856,155.646011352539
906039857,155.646011352539
906040219,358.433013916016
906040221,322.06201171875
906040222,312.652008056641
906040247,314.759979248047
906040282,154.411010742188
906040283,154.411010742188
906040284,154.411010742188
906040285,154.411010742188
906040327,372.609985351562
906040342,322.06201171875
906040343,381.47998046875
906040344,312.652008056641
906040353,179.217010498047
906040354,179.217010498047
906040368,203.822006225586
906040384,183.000015258789
906040389,282.016021728516
906040390,282.016021728516
906040694,283.148010253906
906040695,297.192016601562
906040912,282.016021728516
906040913,282.016021728516
906041042,283.148010253906
906041043,297.192016601562
906041169,203.822006225586
906041170,203.822006225586
906041171,222.622009277344
906041173,222.622009277344
906041320,203.822006225586
906041615,203.822006225586
906041617,218.115005493164
906041644,279.019989013672
906042011,154.411010742188
906042040,179.217010498047
906042041,179.217010498047
906042278,282.016021728516
906042279,282.016021728516
906042657,297.192016601562
906043163,179.217010498047
906043179,218.115005493164
906043191,367.526031494141
906043410,218.115005493164
906043411,218.115005493164
906043440,154.411010742188
906043814,322.06201171875
906043815,381.47998046875
906043816,312.652008056641
906043819,179.217010498047
906043837,155.646011352539
906043838,155.646011352539
906043852,283.148010253906
906043912,372.609985351562
906044315,345.419982910156
906044344,367.526031494141
906044402,281.598022460938
906044415,281.598022460938
906044512,278.489990234375
906044513,278.489990234375
906044599,372.609985351562
906044673,282.016021728516
906044687,358.433013916016
906044789,279.019989013672
906044823,381.47998046875
906044824,312.652008056641
906044859,372.609985351562
906044880,203.822006225586
906044950,155.646011352539
906045067,222.622009277344
906045070,218.115005493164
906045234,337.712005615234
906045235,337.712005615234
906045236,345.419982910156
906045322,372.609985351562
906045477,345.419982910156
906045530,164.129013061523
906045616,337.712005615234
906045827,218.115005493164
906045903,218.115005493164
906045904,218.115005493164
906045905,218.115005493164
906045918,400.600006103516
906046026,278.489990234375
906046199,218.115005493164
906046389,281.598022460938
906046390,281.598022460938
906046391,281.598022460938
906046392,281.598022460938
906046931,279.019989013672
906046932,279.019989013672
906047692,207.839004516602
906048006,269.037017822266
906048007,269.037017822266
906048008,269.037017822266
906048024,164.129013061523
906048058,278.489990234375
906048059,278.489990234375
906048084,209.599014282227
906048085,209.599014282227
906048117,203.822006225586
906048133,367.526031494141
906048134,367.526031494141
906049059,207.839004516602
906049131,164.129013061523
906049211,367.526031494141
906049328,164.129013061523
906049329,238.370010375977
906049330,238.370010375977
906051632,207.839004516602
906052930,207.839004516602
906058391,282.016021728516
906058478,220.529998779297
906058479,155.646011352539
906059123,314.759979248047
906059124,214.755004882812
906059436,314.759979248047
906059437,225.067016601562
906059438,225.067016601562
906059439,225.067016601562
906059625,180.540008544922
906059654,174.118011474609
906059680,372.609985351562
906059681,372.609985351562
906059683,225.228012084961
906059684,225.228012084961
906059814,173.502014160156
906059815,173.502014160156
906059949,358.433013916016
906059950,358.433013916016
906059951,278.489990234375
906060470,155.646011352539
906060472,174.118011474609
906060473,174.118011474609
906060474,174.118011474609
906060519,372.609985351562
906060521,225.228012084961
906060522,225.228012084961
906060554,238.370010375977
906060555,238.370010375977
906060556,173.502014160156
906060557,173.502014160156
906060778,322.06201171875
906060998,209.599014282227
906061192,247.025009155273
906061363,197.038009643555
906061405,174.118011474609
906061452,174.118011474609
906061489,197.038009643555
906061534,164.129013061523
906061576,345.419982910156
906061833,220.93000793457
906061976,426.929992675781
906061999,198.823013305664
906062000,198.823013305664
906062001,198.823013305664
906062047,367.526031494141
906062048,174.118011474609
906062098,367.526031494141
906062099,174.118011474609
906062286,240.905014038086
906062301,426.929992675781
906062327,345.419982910156
906062328,209.599014282227
906062329,209.599014282227
906062351,278.489990234375
906062419,269.037017822266
906062443,164.129013061523
906062444,238.370010375977
906062445,238.370010375977
906062460,343.052001953125
906062461,343.052001953125
906062462,343.052001953125
906062463,343.052001953125
906062529,225.228012084961
906062589,400.600006103516
906062590,400.600006103516
906062650,225.067016601562
906062779,164.129013061523
906062780,238.370010375977
906062806,282.016021728516
906062807,337.712005615234
906062808,209.599014282227
906063005,358.433013916016
906063053,278.489990234375
906063062,225.228012084961
906063072,198.823013305664
906063203,225.228012084961
906063301,426.929992675781
906063325,222.622009277344
906063327,218.115005493164
906063328,269.037017822266
906063330,198.823013305664
906063339,269.037017822266
906063351,281.598022460938
906063353,314.759979248047
906063354,220.93000793457
906063355,220.93000793457
906063356,365.839996337891
906063372,203.822006225586
906063386,400.600006103516
906063461,372.609985351562
906063464,225.228012084961
906063552,343.052001953125
906063603,173.502014160156
906063604,173.502014160156
906063882,337.712005615234
906063913,154.411010742188
906064105,218.115005493164
906064106,269.037017822266
906064225,220.93000793457
906064235,220.93000793457
906064449,197.038009643555
906064502,365.839996337891
906064503,365.839996337891
906064521,209.599014282227
906064551,214.755004882812
906064561,247.025009155273
906064607,343.052001953125
906064608,343.052001953125
906064686,197.038009643555
906064711,197.038009643555
906064736,323.655029296875
906064750,197.038009643555
906065051,238.370010375977
906065058,225.067016601562
906065059,225.067016601562
906065146,154.411010742188
906065361,198.823013305664
906065362,198.823013305664
906065389,240.905014038086
906065464,426.929992675781
906065483,198.823013305664
906065509,240.905014038086
906065534,372.609985351562
906065787,198.823013305664
906065788,198.823013305664
906066228,365.839996337891
906066403,209.599014282227
906066464,216.112014770508
906066465,207.839004516602
906066483,173.502014160156
906066484,173.502014160156
906066883,367.526031494141
906067067,278.489990234375
906067068,278.489990234375
906067146,197.038009643555
906067147,197.038009643555
906067334,269.037017822266
906067398,367.526031494141
906067399,174.118011474609
906067431,214.755004882812
906067451,400.600006103516
906067452,400.600006103516
906067497,372.609985351562
906067507,216.112014770508
906067508,216.112014770508
906067509,216.112014770508
906068290,285.216003417969
906068297,337.712005615234
906068298,345.419982910156
906068299,209.599014282227
906068312,193.219009399414
906068370,323.655029296875
906068778,198.823013305664
906068779,198.823013305664
906068834,411.929992675781
906068835,285.216003417969
906068836,285.216003417969
906068890,220.93000793457
906068893,281.598022460938
906068894,225.067016601562
906068943,367.526031494141
906069076,220.93000793457
906069079,287.328002929688
906069242,365.839996337891
906069243,287.328002929688
906069343,381.47998046875
906069344,312.652008056641
906069345,400.600006103516
906069370,225.228012084961
906069417,216.112014770508
906069418,216.112014770508
906069479,197.038009643555
906069482,353.869995117188
906069627,140.040008544922
906069777,203.822006225586
906069778,222.622009277344
906070236,193.219009399414
906070384,323.655029296875
906070385,323.655029296875
906070464,216.112014770508
906070544,198.823013305664
906070553,193.219009399414
906070731,193.219009399414
906070773,216.112014770508
906070905,365.839996337891
906070906,287.328002929688
906071026,343.052001953125
906071027,323.655029296875
906071227,367.526031494141
906071309,193.219009399414
906071342,193.219009399414
906071343,193.219009399414
906071556,287.328002929688
906071681,183.000015258789
906071765,365.839996337891
906071766,287.328002929688
906071767,287.328002929688
906071905,140.040008544922
906071909,193.219009399414
906072008,178.814010620117
906072104,411.929992675781
906072174,323.655029296875
906072175,323.655029296875
906072176,323.655029296875
906072195,285.216003417969
906072259,181.559005737305
906072260,181.559005737305
906072526,323.655029296875
906072527,323.655029296875
906072792,238.370010375977
906072800,323.655029296875
906073052,181.559005737305
906073062,220.93000793457
906073125,411.929992675781
906073239,181.559005737305
906073330,181.559005737305
906073452,411.929992675781
906073564,181.559005737305
906073628,181.559005737305
906073781,207.839004516602
906073782,207.839004516602
906074234,158.799011230469
906074235,158.799011230469
906074626,178.814010620117
906074968,216.112014770508
906075232,216.112014770508
906075233,216.112014770508
906075234,216.112014770508
906075280,164.129013061523
906075441,216.112014770508
906076329,158.799011230469
906076330,158.799011230469
906076331,158.799011230469
906076332,158.799011230469
906076333,158.799011230469
906076373,178.814010620117
906076536,306.457000732422
906076686,369.489990234375
906077708,411.929992675781
906077732,265
906077942,303.10302734375
906078290,181.559005737305
906078291,181.559005737305
906078340,178.814010620117
906078690,178.814010620117
906078691,378.449981689453
906079003,278.209991455078
906079005,378.449981689453
906079006,378.449981689453
906079284,140.040008544922
906079816,306.457000732422
906079817,306.457000732422
906079818,323.032012939453
906079819,323.032012939453
906079850,378.449981689453
906079882,136.777008056641
906079883,136.777008056641
906079895,265
906079896,265
906080012,303.10302734375
906080013,303.10302734375
906080132,306.457000732422
906080133,306.457000732422
906080134,323.032012939453
906080135,323.032012939453
906080136,255.807006835938
906080190,162.20100402832
906080191,162.20100402832
906080610,306.457000732422
906080611,255.807006835938
906080968,158.799011230469
906080969,158.799011230469
906081447,265
906082079,306.457000732422
906082080,323.032012939453
906082081,323.032012939453
906082985,162.20100402832
906083036,303.10302734375
906083154,193.219009399414
906083496,158.799011230469
906083497,158.799011230469
906083558,136.777008056641
906083619,278.209991455078
906083631,378.449981689453
906083634,158.799011230469
906083763,306.457000732422
906083782,171.935012817383
906083830,158.799011230469
906084006,162.20100402832
906084084,136.777008056641
906084085,136.777008056641
906084086,136.777008056641
906084087,136.777008056641
906084099,265
906084688,285.216003417969
906085290,178.814010620117
906085592,303.10302734375
906085593,303.10302734375
906086009,171.935012817383
906086011,387.119995117188
906086247,136.777008056641
906086366,278.209991455078
906086367,278.209991455078
906086368,278.209991455078
906086777,210.278015136719
906086797,255.807006835938
906086811,158.799011230469
906086827,136.777008056641
906086852,192.045013427734
906086853,214.755004882812
906086857,369.489990234375
906086858,171.935012817383
906086878,178.814010620117
906087364,303.10302734375
906087448,231.449005126953
906087449,231.449005126953
906087469,162.20100402832
906087751,265
906088515,158.799011230469
906088519,204.580017089844
906088520,204.580017089844
906088521,204.580017089844
906088611,110.838005065918
906088699,204.580017089844
906088748,192.045013427734
906088763,158.799011230469
906088783,306.457000732422
906088784,306.457000732422
906088811,387.119995117188
906088817,214.755004882812
906088937,171.935012817383
906088938,192.045013427734
906088939,214.755004882812
906089165,136.777008056641
906089166,207.586013793945
906089392,162.20100402832
906089503,110.838005065918
906089561,204.580017089844
906089947,278.209991455078
906090720,282.016021728516
906090722,411.929992675781
906090815,231.449005126953
906090897,204.580017089844
906090961,210.278015136719
906091077,207.586013793945
906091137,169.133010864258
906091156,227.741012573242
906091913,204.580017089844
906091961,110.838005065918
906091962,110.838005065918
906091963,110.838005065918
906092033,169.133010864258
906092034,169.133010864258
906092146,207.586013793945
906092147,207.586013793945
906092148,207.586013793945
906092149,206.40901184082
906092389,210.278015136719
906092565,204.580017089844
906092652,192.045013427734
906092653,192.045013427734
906092717,204.580017089844
906092801,231.449005126953
906092855,285.216003417969
906092875,171.935012817383
906092885,136.777008056641
906092935,378.449981689453
906093135,231.449005126953
906093182,372.609985351562
906093199,169.133010864258
906093208,110.838005065918
906093234,110.838005065918
906093254,169.133010864258
906093384,306.457000732422
906093385,323.032012939453
906093579,171.935012817383
906093674,192.045013427734
906093808,169.133010864258
906094111,279.019989013672
906094181,238.370010375977
906094211,210.278015136719
906094392,227.741012573242
906094776,299.696014404297
906095472,299.696014404297
906095473,299.696014404297
906095535,210.278015136719
906095590,207.586013793945
906095654,231.449005126953
906096045,206.40901184082
906096124,172.68701171875
906096258,299.696014404297
906096290,206.40901184082
906096504,207.586013793945
906096532,303.10302734375
906096533,303.10302734375
906096568,231.449005126953
906096652,210.278015136719
906096929,210.278015136719
906097074,278.209991455078
906097075,110.838005065918
906097252,387.119995117188
906097579,358.433013916016
906097580,278.489990234375
906097676,214.755004882812
906098153,207.586013793945
906098154,207.586013793945
906100608,299.696014404297
906101440,210.278015136719
906101796,352.75
906102176,172.68701171875
906102325,172.68701171875
906102473,110.838005065918
906102533,206.40901184082
906102584,192.045013427734
906102647,172.68701171875
906102815,278.209991455078
906103190,204.580017089844
906103859,352.75
906103860,352.75
906104125,172.68701171875
906104133,303.10302734375
906104226,169.133010864258
906105340,345.800018310547
906105423,158.799011230469
906105549,345.800018310547
906105550,345.800018310547
906105954,206.40901184082
906107521,206.40901184082
906107522,206.40901184082
906108073,345.800018310547
906109144,169.133010864258
906109340,345.800018310547
906109810,352.75
906109811,352.75
906110183,345.800018310547
906110447,299.696014404297
906110448,299.696014404297
906110942,345.800018310547
906111846,192.045013427734
906111847,192.045013427734
906112706,345.800018310547
906112707,345.800018310547
906113225,110.838005065918
906113259,155.646011352539
906113260,155.646011352539
906113484,287.328002929688
906113581,198.823013305664
906113582,198.823013305664
906113781,343.052001953125
906113782,343.052001953125
906113804,426.929992675781
906113840,278.209991455078
906113841,278.209991455078
906113842,278.209991455078
906113843,378.449981689453
906113924,345.800018310547
906114028,209.599014282227
906114339,198.823013305664
906114340,198.823013305664
906114341,278.209991455078
906114413,367.526031494141
906114465,411.929992675781
906114466,209.599014282227
906114467,209.599014282227
906114516,343.052001953125
906114626,164.129013061523
906114627,164.129013061523
906114628,238.370010375977
906114629,238.370010375977
906114630,238.370010375977
906114645,198.823013305664
906114646,222.622009277344
906114816,367.526031494141
906114817,367.526031494141
906114818,367.526031494141
906114819,204.580017089844
906114820,367.526031494141
906114887,426.929992675781
906114894,207.586013793945
906114895,206.40901184082
906114896,206.40901184082
906115202,193.219009399414
906115259,369.489990234375
906115578,369.489990234375
906115579,369.489990234375
906115580,192.045013427734
906115581,387.119995117188
906115582,281.598022460938
906115583,281.598022460938
906115617,306.457000732422
906115755,323.655029296875
906115756,323.655029296875
906115757,265
906116307,299.696014404297
906116644,140.040008544922
906116658,367.526031494141
906116659,367.526031494141
906116660,367.526031494141
906116692,265
906116753,247.025009155273
906116774,285.216003417969
906116775,282.016021728516
906116818,164.129013061523
906116819,238.370010375977
906116820,238.370010375977
906116821,238.370010375977
906116822,238.370010375977
906116864,204.580017089844
906116865,174.118011474609
906116866,155.646011352539
906116867,306.457000732422
906116868,174.118011474609
906116950,411.929992675781
906116997,278.209991455078
906117013,180.540008544922
906117014,180.540008544922
906117015,162.20100402832
906117104,358.433013916016
906117121,209.599014282227
906117122,282.016021728516
906117180,387.119995117188
906117181,281.598022460938
906117182,225.067016601562
906117207,345.800018310547
906117222,162.20100402832
906117278,358.433013916016
906117279,358.433013916016
906117280,358.433013916016
906117281,278.489990234375
906117282,278.489990234375
906117298,154.202011108398
906117310,278.489990234375
906117311,278.489990234375
906117362,154.202011108398
906117363,154.202011108398
906117478,154.411010742188
906117487,225.228012084961
906117488,225.228012084961
906117489,225.228012084961
906117490,225.228012084961
906117493,207.586013793945
906117494,136.777008056641
906117498,352.75
906117592,210.278015136719
906117644,180.540008544922
906117645,180.540008544922
906117669,210.278015136719
906117670,210.278015136719
906117671,210.278015136719
906117672,298.154022216797
906117673,298.154022216797
906117674,298.154022216797
906117679,303.10302734375
906117690,343.052001953125
906117908,210.278015136719
906117909,298.154022216797
906117944,426.929992675781
906117956,426.929992675781
906117974,378.449981689453
906117975,203.822006225586
906117976,203.822006225586
906117990,227.741012573242
906118070,222.622009277344
906118071,203.822006225586
906118072,203.822006225586
906118073,178.814010620117
906118074,178.814010620117
906118075,218.115005493164
906118076,218.115005493164
906118128,225.241012573242
906118129,225.241012573242
906118130,225.241012573242
906118131,225.241012573242
906118132,206.40901184082
906118133,206.40901184082
906118134,207.586013793945
906118135,207.586013793945
906118136,207.586013793945
906118137,207.586013793945
906118138,136.777008056641
906118152,322.06201171875
906118153,322.06201171875
906118182,227.741012573242
906118186,381.47998046875
906118189,179.217010498047
906118190,169.133010864258
906118235,218.115005493164
906118236,218.115005493164
906118237,269.037017822266
906118285,306.457000732422
906118286,323.032012939453
906118318,231.597015380859
906118319,231.597015380859
906118320,192.195007324219
906118348,183.000015258789
906118349,231.597015380859
906118350,231.597015380859
906118351,192.195007324219
906118367,192.195007324219
906118371,172.68701171875
906118404,426.929992675781
906118405,183.000015258789
906118444,136.777008056641
906118452,225.228012084961
906118464,220.529998779297
906118465,220.529998779297
906118472,323.032012939453
906118473,323.032012939453
906118497,155.646011352539
906118498,155.646011352539
906118499,306.457000732422
906118500,174.118011474609
906118501,255.807006835938
906118502,255.807006835938
906118503,220.529998779297
906118504,183.000015258789
906118505,231.597015380859
906118514,172.68701171875
906118515,183.000015258789
906118516,231.597015380859
906118535,323.032012939453
906118536,323.032012939453
906118548,174.118011474609
906118549,306.457000732422
906118552,225.241012573242
906118553,206.40901184082
906118554,282.016021728516
906118555,372.609985351562
906118556,136.777008056641
906118557,136.777008056641
906118567,192.195007324219
906118568,192.195007324219
906118655,225.067016601562
906118663,345.800018310547
906118666,247.025009155273
906118671,225.067016601562
906118672,214.755004882812
906118688,345.800018310547
906118724,247.025009155273
906118803,247.025009155273
906118814,281.598022460938
906118815,225.067016601562
906118816,225.067016601562
906118817,214.755004882812
906118818,287.328002929688
906118819,365.839996337891
906118820,220.93000793457
906118821,220.93000793457
906118822,171.935012817383
906118857,140.040008544922
906118859,225.241012573242
906118860,207.586013793945
906118861,207.586013793945
906118862,136.777008056641
906118863,282.016021728516
906118890,164.129013061523
906118930,255.807006835938
906118931,220.529998779297
906118932,323.032012939453
906118933,204.580017089844
906119047,198.823013305664
906119100,210.278015136719
906119108,278.209991455078
906119190,367.526031494141
906119252,278.209991455078
906119253,278.209991455078
906119267,345.800018310547
906119389,343.052001953125
906119390,343.052001953125
906119402,225.241012573242
906119428,231.597015380859
906119467,367.526031494141
906119468,220.529998779297
906119475,323.032012939453
906119476,204.580017089844
906119515,337.712005615234
906119539,192.195007324219
906119553,204.580017089844
906119582,198.823013305664
906119583,222.622009277344
906119584,218.115005493164
906119600,240.995010375977
906119629,345.800018310547
906119680,345.800018310547
906119681,345.800018310547
906119682,345.800018310547
906119683,345.800018310547
906119690,297.192016601562
906119691,297.192016601562
906119727,193.219009399414
906119728,193.219009399414
906119740,162.20100402832
906119781,222.622009277344
906119782,203.822006225586
906119783,178.814010620117
906119790,353.869995117188
906119798,353.869995117188
906119799,247.025009155273
906119806,209.599014282227
906119807,337.712005615234
906119815,238.370010375977
906119816,238.370010375977
906119823,173.502014160156
906119824,173.502014160156
906119830,164.129013061523
906119839,204.580017089844
906119840,172.68701171875
906119841,322.06201171875
906119848,278.489990234375
906119892,297.192016601562
906119911,353.880004882812
906119922,285.004028320312
906119966,173.502014160156
906119967,171.980010986328
906119968,358.433013916016
906119977,278.489990234375
906119991,210.278015136719
906119992,298.154022216797
906119993,303.10302734375
906119994,279.019989013672
906120073,218.115005493164
906120074,269.037017822266
906120075,278.209991455078
906120076,203.822006225586
906120127,231.597015380859
906120128,231.597015380859
906120129,192.195007324219
906120130,204.580017089844
906120131,204.580017089844
906120133,206.40901184082
906120134,207.586013793945
906120135,136.777008056641
906120139,358.5830078125
906120140,207.586013793945
906120141,207.586013793945
906120158,287.328002929688
906120159,365.839996337891
906120160,314.759979248047
906120166,169.133010864258
906120182,345.800018310547
906120208,265
906120252,299.696014404297
906120279,192.045013427734
906120280,369.489990234375
906120300,231.449005126953
906120308,265
906120312,219.919998168945
906120338,154.202011108398
906120340,154.202011108398
906120345,303.10302734375
906120346,279.019989013672
906120383,162.20100402832
906120392,162.20100402832
906120444,173.502014160156
906120459,173.502014160156
906120460,173.502014160156
906120470,154.411010742188
906120520,169.133010864258
906120521,205.024017333984
906120553,278.209991455078
906120554,203.822006225586
906120576,240.905014038086
906120577,240.905014038086
906120578,367.526031494141
906120579,367.526031494141
906120594,372.609985351562
906120595,207.586013793945
906120634,287.328002929688
906120635,365.839996337891
906120636,220.93000793457
906120637,220.93000793457
906120638,220.93000793457
906120639,314.759979248047
906120640,171.935012817383
906120690,158.799011230469
906120691,158.799011230469
906120692,158.799011230469
906120693,158.799011230469
906120694,205.024017333984
906120738,282.016021728516
906120739,136.777008056641
906120754,204.580017089844
906120778,279.019989013672
906120779,279.019989013672
906120780,279.019989013672
906120781,214.626007080078
906120793,312.652008056641
906120794,179.217010498047
906120799,169.133010864258
906120800,158.799011230469
906120801,224.890014648438
906120816,136.777008056641
906120817,358.5830078125
906120818,221.240005493164
906120820,225.241012573242
906120826,207.586013793945
906120869,214.755004882812
906120870,365.839996337891
906120871,220.93000793457
906120872,281.598022460938
906120873,314.759979248047
906120883,231.449005126953
906120884,219.919998168945
906120885,219.919998168945
906120886,231.449005126953
906120893,240.905014038086
906120894,240.905014038086
906120900,367.526031494141
906120901,367.526031494141
906120919,223.009017944336
906120920,171.980010986328
906120922,110.838005065918
906120923,110.838005065918
906120924,278.209991455078
906120925,203.822006225586
906120926,203.822006225586
906120930,178.814010620117
906120931,218.115005493164
906120932,218.115005493164
906120933,218.115005493164
906120935,269.037017822266
906120936,269.037017822266
906120957,298.154022216797
906120958,298.154022216797
906120959,298.154022216797
906120962,279.019989013672
906120970,155.646011352539
906120971,174.118011474609
906120982,174.118011474609
906121055,240.905014038086
906121062,171.935012817383
906121063,192.045013427734
906121098,367.526031494141
906121099,238.420013427734
906121135,358.433013916016
906121144,154.202011108398
906121149,158.799011230469
906121150,158.799011230469
906121170,303.10302734375
906121171,210.278015136719
906121175,298.154022216797
906121176,279.019989013672
906121180,225.228012084961
906121181,282.016021728516
906121191,225.228012084961
906121192,225.241012573242
906121193,207.586013793945
906121209,155.646011352539
906121210,204.580017089844
906121218,323.032012939453
906121224,225.067016601562
906121225,220.93000793457
906121226,171.935012817383
906121227,192.045013427734
906121239,282.016021728516
906121251,136.777008056641
906121252,282.016021728516
906121253,282.016021728516
906121274,298.154022216797
906121275,303.10302734375
906121311,207.586013793945
906121314,225.241012573242
906121315,372.609985351562
906121353,205.024017333984
906121354,205.024017333984
906121368,192.045013427734
906121369,369.489990234375
906121370,136.68000793457
906121371,136.68000793457
906121372,387.119995117188
906121373,387.119995117188
906121380,155.646011352539
906121381,174.118011474609
906121382,285.004028320312
906121383,285.004028320312
906121414,314.759979248047
906121415,192.045013427734
906121416,192.045013427734
906121417,192.045013427734
906121418,369.489990234375
906121480,285.216003417969
906121481,337.712005615234
906121482,345.419982910156
906121504,209.599014282227
906121525,345.800018310547
906121526,345.800018310547
906121527,353.869995117188
906121528,283.148010253906
906121529,283.148010253906
906121534,282.016021728516
906121535,209.599014282227
906121536,345.419982910156
906121543,282.016021728516
906121544,337.712005615234
906121545,209.599014282227
906121573,216.112014770508
906121589,352.75
906121590,352.75
906121608,136.68000793457
906121609,287.328002929688
906121610,225.067016601562
906121617,192.045013427734
906121618,192.045013427734
906121619,369.489990234375
906121620,136.68000793457
906121621,287.328002929688
906121624,240.905014038086
906121625,335.259979248047
906121651,231.449005126953
906121661,164.129013061523
906121662,164.129013061523
906121667,110.838005065918
906121676,387.160003662109
906121677,227.716003417969
906121678,227.716003417969
906121681,279.109985351562
906121682,279.019989013672
906121683,279.019989013672
906121684,214.626007080078
906121685,210.613006591797
906121686,210.613006591797
906121693,210.613006591797
906121708,204.580017089844
906121709,204.580017089844
906121721,238.420013427734
906121722,238.420013427734
906121723,240.905014038086
906121726,335.259979248047
906121729,154.411010742188
906121730,154.411010742188
906121731,154.411010742188
906121732,154.411010742188
906121733,164.129013061523
906121737,196.470001220703
906121738,196.470001220703
906121739,196.470001220703
906121740,196.470001220703
906121745,298.154022216797
906121746,279.019989013672
906121758,204.580017089844
906121759,204.580017089844
906121760,426.929992675781
906121761,322.06201171875
906121762,172.68701171875
906121777,345.800018310547
906121778,353.869995117188
906121779,353.869995117188
906121780,247.025009155273
906121782,247.025009155273
906121783,299.917999267578
906121784,299.917999267578
906121785,197.038009643555
906121788,345.419982910156
906121789,345.419982910156
906121790,345.419982910156
906121799,173.298004150391
906121804,345.800018310547
906121805,353.869995117188
906121834,219.919998168945
906121835,219.919998168945
906121836,231.449005126953
906121840,265
906121841,265
906121845,222.789993286133
906121846,192.940002441406
906121849,335.259979248047
906121850,335.259979248047
906121858,238.420013427734
906121859,238.420013427734
906121860,240.905014038086
906121861,240.905014038086
906121862,240.905014038086
906121864,352.75
906121865,180.540008544922
906121866,353.880004882812
906121880,322.06201171875
906121881,322.06201171875
906121882,322.06201171875
906121883,172.68701171875
906121901,223.009017944336
906121902,171.980010986328
906121909,279.109985351562
906121910,178.814010620117
906121911,178.814010620117
906121912,178.814010620117
906121914,206.40901184082
906121915,206.40901184082
906121916,206.40901184082
906121922,203.822006225586
906121923,203.822006225586
906121924,203.822006225586
906121935,265
906121936,265
906121937,265
906121962,279.019989013672
906121973,240.995010375977
906122000,222.622009277344
906122005,218.115005493164
906122006,178.814010620117
906122136,287.328002929688
906122137,136.68000793457
906122138,136.68000793457
906122141,387.119995117188
906122142,314.759979248047
906122152,314.759979248047
906122153,314.759979248047
906122175,345.800018310547
906122176,353.869995117188
906122177,353.869995117188
906122178,247.025009155273
906122187,197.038009643555
906122188,297.192016601562
906122189,297.192016601562
906122244,171.980010986328
906122250,194.50700378418
906122251,194.50700378418
906122258,225.979995727539
906122259,225.979995727539
906122260,225.979995727539
906122308,203.039993286133
906122309,203.039993286133
906122310,203.039993286133
906122321,291.690002441406
906122348,216.5
906122377,227.959991455078
906122389,247.025009155273
906122390,297.192016601562
906122391,297.192016601562
906122461,312.652008056641
906122511,172.68701171875
906122522,367.526031494141
906122523,155.646011352539
906122557,372.609985351562
906122569,206.40901184082
906122570,207.586013793945
906122571,136.777008056641
906122578,178.814010620117
906122579,312.207000732422
906122580,269.037017822266
906122581,110.838005065918
906122589,193.219009399414
906122590,358.433013916016
906122602,278.489990234375
906122606,225.067016601562
906122607,214.755004882812
906122616,287.328002929688
906122617,365.839996337891
906122637,164.129013061523
906122638,238.370010375977
906122646,173.502014160156
906122647,154.411010742188
906122652,298.154022216797
906122653,298.154022216797
906122654,279.019989013672
906122705,158.799011230469
906122734,343.052001953125
906122735,231.449005126953
906122736,219.919998168945
906122737,219.919998168945
906122764,240.905014038086
906122765,367.526031494141
906122788,378.470001220703
906122789,203.822006225586
906122790,218.115005493164
906122791,279.109985351562
906122792,206.40901184082
906122793,206.40901184082
906122804,400.600006103516
906122805,179.217010498047
906122806,169.133010864258
906122815,278.489990234375
906122816,154.202011108398
906122832,204.580017089844
906122845,171.935012817383
906122846,171.935012817383
906122847,314.759979248047
906122856,192.045013427734
906122857,136.68000793457
906122858,136.68000793457
906122869,207.586013793945
906122870,207.586013793945
906122871,207.586013793945
906122872,207.586013793945
906122873,372.569976806641
906122874,372.609985351562
906122882,352.75
906122890,231.597015380859
906122891,172.68701171875
906123020,312.207000732422
906123021,218.115005493164
906123022,110.838005065918
906123049,173.502014160156
906123136,303.10302734375
906123143,303.10302734375
906123144,180.540008544922
906123145,180.540008544922
906123174,219.919998168945
906123192,279.019989013672
906123193,279.019989013672
906123194,216.139999389648
906123195,216.139999389648
906123212,387.160003662109
906123213,218.115005493164
906123227,412.029998779297
906123231,192.940002441406
906123232,192.940002441406
906123233,283.443023681641
906123256,171.980010986328
906123283,323.655029296875
906123284,265
906123286,231.449005126953
906123287,196.470001220703
906123288,193.849990844727
906123348,219.919998168945
906123349,219.919998168945
906123350,412.029998779297
906123351,412.029998779297
906123354,265
906123417,255.807006835938
906123418,323.032012939453
906123423,228.419998168945
906123425,247.025009155273
906123463,216.5
906123481,179.217010498047
906123482,169.133010864258
906123483,205.024017333984
906123485,214.755004882812
906123486,287.328002929688
906123487,171.935012817383
906123495,192.045013427734
906123496,192.045013427734
906123497,225.067016601562
906123498,314.759979248047
906123578,139.807006835938
906123579,236.06999206543
906123580,205.139999389648
906123581,205.139999389648
906123582,207.839004516602
906123583,312.652008056641
906123592,183.000015258789
906123620,220.93000793457
906123621,171.935012817383
906123622,314.759979248047
906123623,314.759979248047
906123648,225.979995727539
906123663,312.652008056641
906123664,400.600006103516
906123665,205.024017333984
906123718,238.420013427734
906123719,240.905014038086
906123720,335.259979248047
906123731,203.039993286133
906123732,203.039993286133
906123734,367.526031494141
906123742,240.905014038086
906123743,203.039993286133
906123748,345.419982910156
906123749,345.419982910156
906123821,171.980010986328
906123822,358.433013916016
906123823,354.355010986328
906123824,193.219009399414
906123847,216.139999389648
906123848,216.139999389648
906123849,216.139999389648
906123850,197.65998840332
906123861,207.586013793945
906123862,207.586013793945
906123863,207.586013793945
906123864,228.419998168945
906123865,228.419998168945
906123866,203.039993286133
906123867,179.066009521484
906123868,179.066009521484
906123881,211.399993896484
906123882,211.399993896484
906123883,210.473007202148
906123884,225.228012084961
906123885,206.40901184082
906123890,372.609985351562
906123892,209.599014282227
906123893,209.599014282227
906123896,192.045013427734
906123897,369.489990234375
906123903,314.759979248047
906123904,189.459991455078
906123905,189.459991455078
906123906,189.459991455078
906123907,189.459991455078
906123925,216.5
906123959,193.849990844727
906123960,193.849990844727
906123961,235.299987792969
906123982,194.50700378418
906123983,194.50700378418
906124002,194.839996337891
906124003,194.839996337891
906124004,194.839996337891
906124005,194.839996337891
906124021,192.103012084961
906124022,192.103012084961
906124023,200.169998168945
906124024,200.169998168945
906124025,200.169998168945
906124026,200.169998168945
906124027,174.118011474609
906124030,220.529998779297
906124031,255.807006835938
906124045,219.919998168945
906124065,205.139999389648
906124066,207.839004516602
906124076,322.06201171875
906124081,354.355010986328
906124082,193.219009399414
906124083,193.219009399414
906124088,278.489990234375
906124089,278.489990234375
906124098,247.025009155273
906124099,247.025009155273
906124100,341.011016845703
906124130,172.68701171875
906124134,204.580017089844
906124135,204.580017089844
906124136,426.929992675781
906124144,233.509994506836
906124145,352.850006103516
906124184,189.459991455078
906124185,189.459991455078
906124188,281.598022460938
906124189,314.759979248047
906124190,365.839996337891
906124191,314.759979248047
906124194,323.481018066406
906124195,218.163009643555
906124196,218.163009643555
906124201,426.929992675781
906124202,183.000015258789
906124203,172.68701171875
906124204,162.13200378418
906124205,162.13200378418
906124206,352.75
906124207,352.75
906124208,224.890014648438
906124209,352.75
906124216,198.823013305664
906124217,378.449981689453
906124218,278.209991455078
906124219,278.209991455078
906124220,110.838005065918
906124227,269.037017822266
906124232,216.112014770508
906124233,216.112014770508
906124234,216.112014770508
906124261,211.399993896484
906124262,210.473007202148
906124263,210.473007202148
906124267,206.40901184082
906124268,206.40901184082
906124269,206.40901184082
906124277,238.370010375977
906124278,174.098007202148
906124279,174.098007202148
906124289,216.5
906124299,227.741012573242
906124304,178.814010620117
906124305,110.838005065918
906124306,378.449981689453
906124307,110.838005065918
906124315,206.40901184082
906124316,198.823013305664
906124317,198.823013305664
906124318,198.823013305664
906124333,194.50700378418
906124334,227.741012573242
906124335,218.163009643555
906124336,220.93000793457
906124346,225.067016601562
906124347,287.328002929688
906124348,287.328002929688
906124349,281.598022460938
906124350,281.598022460938
906124367,231.449005126953
906124368,283.443023681641
906124378,222.789993286133
906124379,222.789993286133
906124380,192.940002441406
906124381,231.449005126953
906124387,291.690002441406
906124388,236.06999206543
906124389,236.06999206543
906124390,205.139999389648
906124396,205.139999389648
906124398,335.259979248047
906124399,203.039993286133
906124400,203.039993286133
906124401,352.850006103516
906124408,179.066009521484
906124409,169.177001953125
906124410,169.177001953125
906124414,278.070007324219
906124415,278.070007324219
906124421,225.979995727539
906124422,225.979995727539
906124424,352.75
906124427,204.580017089844
906124428,204.580017089844
906124429,367.526031494141
906124442,196.470001220703
906124443,196.470001220703
906124444,193.849990844727
906124445,193.849990844727
906124446,235.299987792969
906124449,174.098007202148
906124450,174.098007202148
906124469,211.399993896484
906124470,209.599014282227
906124505,216.139999389648
906124507,197.65998840332
906124508,180.540008544922
906124514,210.278015136719
906124515,210.278015136719
906124529,345.800018310547
906124530,283.148010253906
906124571,278.209991455078
906124572,278.209991455078
906124573,278.209991455078
906124602,299.696014404297
906124649,207.586013793945
906124650,228.419998168945
906124651,323.032012939453
906124652,323.032012939453
906124654,367.526031494141
906124657,426.929992675781
906124674,354.355010986328
906124675,193.219009399414
906124676,193.219009399414
906124680,278.489990234375
906124763,178.814010620117
906124766,173.298004150391
906124772,345.419982910156
906124773,345.419982910156
906124774,218.115005493164
906124775,218.115005493164
906124782,322.06201171875
906124803,219.919998168945
906124804,222.789993286133
906124824,196.470001220703
906124836,285.004028320312
906124837,192.103012084961
906124840,110.838005065918
906124847,218.115005493164
906124848,279.109985351562
906124849,178.814010620117
906124850,178.814010620117
906124886,209.599014282227
906124887,285.216003417969
906124914,282.016021728516
906124921,209.599014282227
906124925,173.298004150391
906124926,345.419982910156
906124927,218.115005493164
906124928,285.216003417969
906124929,411.929992675781
906124989,285.216003417969
906124990,285.216003417969
906124993,345.419982910156
906124994,345.419982910156
906125010,218.115005493164
906125029,207.839004516602
906125038,209.599014282227
906125039,337.712005615234
906125068,172.68701171875
906125084,314.759979248047
906125085,365.839996337891
906125086,314.759979248047
906125087,314.759979248047
906125140,345.800018310547
906125141,345.800018310547
906125142,247.025009155273
906125143,299.917999267578
906125144,197.038009643555
906125145,197.038009643555
906125175,297.192016601562
906125183,345.800018310547
906125184,353.869995117188
906125189,225.05500793457
906125196,283.148010253906
906125235,222.622009277344
906125239,225.05500793457
906125240,225.05500793457
906125241,297.192016601562
906125264,227.959991455078
906125265,227.959991455078
906125266,227.959991455078
906125267,222.622009277344
906125268,222.622009277344
906125271,225.05500793457
906125272,297.192016601562
906125321,367.526031494141
906125322,367.526031494141
906125344,110.838005065918
906125345,203.822006225586
906125346,203.822006225586
906125347,387.160003662109
906125348,218.115005493164
906125349,218.115005493164
906125350,279.109985351562
906125351,279.109985351562
906125352,178.814010620117
906125356,207.839004516602
906125364,400.600006103516
906125365,158.799011230469
906125380,219.919998168945
906125381,219.919998168945
906125382,231.449005126953
906125414,216.139999389648
906125415,194.839996337891
906125416,303.10302734375
906125420,171.980010986328
906125421,194.50700378418
906125440,235.299987792969
906125441,238.370010375977
906125462,345.419982910156
906125465,154.202011108398
906125480,158.799011230469
906125481,291.690002441406
906125491,207.839004516602
906125492,207.839004516602
906125493,322.06201171875
906125494,381.47998046875
906125499,227.959991455078
906125533,225.05500793457
906125549,222.622009277344
906125550,225.05500793457
906125551,283.148010253906
906125561,218.115005493164
906125582,216.112014770508
906125583,216.112014770508
906125584,216.112014770508
906125585,207.839004516602
906125586,207.839004516602
906125588,207.839004516602
906125595,299.696014404297
906125618,210.473007202148
906125619,210.473007202148
906125634,238.420013427734
906125644,352.850006103516
906125645,238.420013427734
906125651,198.823013305664
906125652,378.449981689453
906125653,278.209991455078
906125654,365.919982910156
906125666,193.219009399414
906125701,341.011016845703
906125713,231.449005126953
906125730,224.890014648438
906125755,164.129013061523
906125756,303.044006347656
906125771,216.5
906125772,227.741012573242
906125828,203.039993286133
906125848,196.470001220703
906125849,193.849990844727
906125850,238.370010375977
906125886,192.940002441406
906125887,231.449005126953
906125888,283.443023681641
906125896,222.789993286133
906125916,197.65998840332
906125951,139.807006835938
906125952,207.839004516602
906125953,312.652008056641
906125959,209.599014282227
906125960,345.419982910156
906126031,322.06201171875
906126032,172.68701171875
906126045,178.814010620117
906126046,312.207000732422
906126047,279.109985351562
906126054,178.814010620117
906126055,110.838005065918
906126056,365.919982910156
906126057,278.619995117188
906126078,136.777008056641
906126079,211.399993896484
906126085,210.473007202148
906126086,372.609985351562
906126087,225.228012084961
906126088,206.40901184082
906126089,206.40901184082
906126094,189.459991455078
906126103,314.759979248047
906126108,285.004028320312
906126138,183.000015258789
906126139,172.68701171875
906126140,162.13200378418
906126159,297.192016601562
906126180,209.599014282227
906126223,174.118011474609
906126224,220.529998779297
906126225,220.529998779297
906126226,255.807006835938
906126261,299.696014404297
906126270,216.112014770508
906126289,207.839004516602
906126310,173.502014160156
906126332,365.919982910156
906126333,365.919982910156
906126336,231.449005126953
906126339,323.655029296875
906126340,343.052001953125
906126350,303.10302734375
906126353,210.278015136719
906126356,303.044006347656
906126357,303.044006347656
906126377,381.47998046875
906126379,365.919982910156
906126380,365.919982910156
906126381,278.619995117188
906126382,278.619995117188
906126383,278.619995117188
906126412,209.599014282227
906126413,209.599014282227
906126414,337.712005615234
906126417,179.048004150391
906126418,179.048004150391
906126430,207.839004516602
906126431,207.839004516602
906126448,216.112014770508
906126457,225.228012084961
906126519,369.769989013672
906126520,369.769989013672
906126521,179.217010498047
906126522,179.217010498047
906126523,179.217010498047
906126524,381.589996337891
906126525,381.589996337891
906126526,381.589996337891
906126527,158.80500793457
906126528,158.80500793457
906126600,179.217010498047
906126601,179.217010498047
906126606,381.589996337891
906126607,158.80500793457
906126608,158.80500793457
906126609,158.80500793457
906126616,220.900009155273
906126617,220.900009155273
906126618,220.900009155273
906126619,220.900009155273
906126631,216.5
906126640,136.777008056641
906126641,136.777008056641
906126642,358.5830078125
906126643,207.586013793945
906126644,207.586013793945
906126645,207.586013793945
906126646,372.569976806641
906126660,179.066009521484
906126661,179.066009521484
906126662,179.066009521484
906126663,169.177001953125
906126664,169.177001953125
906126674,278.070007324219
906126675,278.070007324219
906126702,297.192016601562
906126703,283.148010253906
906126753,345.419982910156
906126754,218.115005493164
906126804,400.600006103516
906126805,400.600006103516
906126810,203.822006225586
906126811,387.160003662109
906126812,222.622009277344
906126813,178.814010620117
906126829,155.646011352539
906126830,174.118011474609
906126845,240.995010375977
906126852,225.228012084961
906126853,225.228012084961
906126864,372.609985351562
906126865,211.399993896484
906126872,279.019989013672
906126873,214.626007080078
906126876,279.019989013672
906126877,210.613006591797
906126898,194.50700378418
906126899,193.219009399414
906126938,173.298004150391
906126956,238.370010375977
906127008,386.459991455078
906127028,281.598022460938
906127038,216.5
906127097,193.219009399414
906127116,209.599014282227
906127117,225.228012084961
906127118,225.228012084961
906127122,236.06999206543
906127193,411.929992675781
906127231,216.139999389648
906127232,216.139999389648
906127243,174.098007202148
906127255,196.470001220703
906127256,238.370010375977
906127257,174.098007202148
906127265,352.75
906127275,207.586013793945
906127276,192.103012084961
906127277,200.169998168945
906127278,323.032012939453
906127279,323.032012939453
906127282,155.646011352539
906127303,278.209991455078
906127330,205.024017333984
906127331,400.600006103516
906127359,341.011016845703
906127365,173.298004150391
906127389,207.839004516602
906127408,369.769989013672
906127449,369.489990234375
906127450,136.68000793457
906127451,225.067016601562
906127462,303.10302734375
906127463,303.10302734375
906127468,210.613006591797
906127469,303.10302734375
906127491,179.066009521484
906127543,343.052001953125
906127549,222.622009277344
906127567,216.5
906127582,207.839004516602
906127583,207.839004516602
906127592,200.169998168945
906127593,323.032012939453
906127594,323.032012939453
906127595,174.118011474609
906127629,193.219009399414
906127639,269.037017822266
906127640,110.838005065918
906127658,386.459991455078
906127660,426.929992675781
906127690,164.129013061523
906127691,238.370010375977
906127729,231.449005126953
906127730,265
906127739,358.433013916016
906127758,192.045013427734
906127759,214.755004882812
906127786,382.449981689453
906127800,312.652008056641
906127824,231.449005126953
906127839,247.025009155273
906127840,278.070007324219
906127841,372.609985351562
906127902,238.420013427734
906127903,203.039993286133
906127963,378.449981689453
906127980,174.098007202148
906127981,255.807006835938
906128001,281.015014648438
906128002,353.869995117188
906128013,216.139999389648
906128014,303.10302734375
906128046,247.025009155273
906128047,352.75
906128059,343.052001953125
906128097,174.098007202148
906128107,303.044006347656
906128108,411.929992675781
906128109,411.929992675781
906128110,358.009979248047
906128156,278.070007324219
906128157,278.070007324219
906128158,180.540008544922
906128173,303.044006347656
906128176,354.355010986328
906128177,278.489990234375
906128178,225.228012084961
906128210,314.759979248047
906128211,314.759979248047
906128212,314.759979248047
906128213,353.119995117188
906128214,353.119995117188
906128234,306.457000732422
906128258,233.509994506836
906128280,314.759979248047
906128281,314.759979248047
906128310,426.929992675781
906128311,183.000015258789
906128312,162.13200378418
906128352,174.118011474609
906128353,174.118011474609
906128354,220.529998779297
906128355,255.807006835938
906128356,204.580017089844
906128357,204.580017089844
906128379,179.066009521484
906128394,164.129013061523
906128407,352.75
906128408,224.890014648438
906128420,172.68701171875
906128421,162.13200378418
906128440,281.598022460938
906128441,225.067016601562
906128447,136.68000793457
906128448,225.067016601562
906128449,218.163009643555
906128450,192.045013427734
906128451,192.045013427734
906128452,136.68000793457
906128463,247.025009155273
906128464,345.800018310547
906128499,198.823013305664
906128500,278.209991455078
906128501,222.622009277344
906128510,218.115005493164
906128553,179.066009521484
906128554,179.066009521484
906128581,306.457000732422
906128582,174.118011474609
906128583,255.807006835938
906128584,255.807006835938
906128591,287.328002929688
906128592,136.68000793457
906128593,314.759979248047
906128603,225.067016601562
906128604,281.598022460938
906128605,220.93000793457
906128610,218.115005493164
906128611,278.209991455078
906128621,224.890014648438
906128635,224.890014648438
906128639,386.669982910156
906128657,231.449005126953
906128658,287.328002929688
906128672,365.839996337891
906128673,360.639984130859
906128674,365.839996337891
906128683,291.690002441406
906128706,278.209991455078
906128707,365.919982910156
906128708,294.705017089844
906128709,391.190002441406
906128755,352.75
906128756,352.75
906128757,224.890014648438
906128774,283.148010253906
906128775,314.759979248047
906128787,314.759979248047
906128788,214.755004882812
906128802,306.457000732422
906128803,323.032012939453
906128812,358.257019042969
906128813,358.257019042969
906128846,218.115005493164
906128847,218.115005493164
906128848,110.838005065918
906128859,312.652008056641
906128886,210.473007202148
906128891,136.777008056641
906128892,136.777008056641
906128893,207.586013793945
906128920,299.696014404297
906128921,299.696014404297
906128922,299.696014404297
906128924,337.77001953125
906128925,337.77001953125
906128963,214.339004516602
906128970,110.838005065918
906128971,110.838005065918
906128972,278.209991455078
906128973,178.814010620117
906128974,178.814010620117
906128975,378.449981689453
906128992,400.600006103516
906128993,322.06201171875
906129015,207.586013793945
906129016,372.609985351562
906129020,210.473007202148
906129021,206.40901184082
906129038,283.148010253906
906129040,323.481018066406
906129041,220.93000793457
906129042,214.755004882812
906129043,283.148010253906
906129044,399.600006103516
906129076,399.600006103516
906129092,299.696014404297
906129182,381.699981689453
906129196,358.257019042969
906129197,358.257019042969
906129210,278.619995117188
906129214,283.148010253906
906129222,337.77001953125
906129223,231.299987792969
906129224,231.299987792969
906129225,245.669998168945
906129228,218.115005493164
906129229,178.814010620117
906129264,294.705017089844
906129265,294.705017089844
906129283,218.163009643555
906129284,218.163009643555
906129285,220.93000793457
906129286,220.93000793457
906129287,214.755004882812
906129294,338.130004882812
906129295,338.130004882812
906129296,158.799011230469
906129297,158.799011230469
906129298,278.199981689453
906129299,278.199981689453
906129309,294.705017089844
906129321,352.850006103516
906129349,278.199981689453
906129350,394.889984130859
906129370,173.298004150391
906129398,411.929992675781
906129399,209.599014282227
906129400,337.712005615234
906129401,179.048004150391
906129402,173.298004150391
906129427,299.696014404297
906129436,381.589996337891
906129437,158.80500793457
906129442,278.489990234375
906129443,345.419982910156
906129444,265.540008544922
906129446,297.192016601562
906129460,299.696014404297
906129461,207.839004516602
906129462,369.769989013672
906129474,169.177001953125
906129475,358.257019042969
906129476,358.257019042969
906129483,179.066009521484
906129486,323.032012939453
906129487,231.449005126953
906129491,228.419998168945
906129492,192.103012084961
906129493,204.580017089844
906129506,372.569976806641
906129531,283.148010253906
906129532,283.148010253906
906129533,283.148010253906
906129534,337.77001953125
906129535,337.77001953125
906129536,323
906129537,323
906129538,343.052001953125
906129539,343.052001953125
906129543,287.328002929688
906129544,323.481018066406
906129583,323.655029296875
906129584,343.052001953125
906129592,353.119995117188
906129593,353.119995117188
906129663,265.540008544922
906129676,158.80500793457
906129677,299.696014404297
906129732,369.489990234375
906129733,225.228012084961
906129734,206.40901184082
906129749,314.759979248047
906129750,369.489990234375
906129751,189.459991455078
906129752,218.163009643555
906129753,283.148010253906
906129764,283.148010253906
906129765,265.540008544922
906129766,378.880004882812
906129767,278.489990234375
906129768,345.419982910156
906129769,345.419982910156
906129772,345.419982910156
906129773,345.419982910156
906129774,426.929992675781
906129775,378.880004882812
906129780,369.769989013672
906129781,381.589996337891
906129782,158.80500793457
906129788,299.696014404297
906129789,207.839004516602
906129808,206.40901184082
906129863,323.655029296875
906129903,338.130004882812
906129906,278.199981689453
906129907,394.889984130859
906129929,299.696014404297
906129936,228.419998168945
906129937,192.103012084961
906129938,367.526031494141
906129939,220.529998779297
906129952,225.067016601562
906129953,365.839996337891
906129954,314.759979248047
906129955,218.163009643555
906129956,220.93000793457
906129957,283.148010253906
906129958,337.77001953125
906129959,399.600006103516
906129960,198.823013305664
906129961,110.838005065918
906129962,378.449981689453
906129990,387.169982910156
906129991,270.009979248047
906130070,411.929992675781
906130074,358.009979248047
906130089,299.239990234375
906130098,372.609985351562
906130139,378.449981689453
906130145,358.433013916016
906130164,255.807006835938
906130165,323.032012939453
906130166,231.449005126953
906130168,306.457000732422
906130169,323.032012939453
906130170,320.660003662109
906130171,287.328002929688
906130172,287.328002929688
906130205,169.177001953125
906130206,358.257019042969
906130237,387.169982910156
906130238,270.009979248047
906130263,209.599014282227
906130264,173.298004150391
906130268,173.298004150391
906130269,173.298004150391
906130334,255.807006835938
906130339,287.328002929688
906130340,341.759979248047
906130353,320.660003662109
906130364,386.669982910156
906130365,387.169982910156
906130366,270.009979248047
906130367,270.009979248047
906130414,320.660003662109
906130416,287.328002929688
906130417,313.25
906130418,341.759979248047
906130440,369.769989013672
906130441,179.217010498047
906130442,381.589996337891
906130507,326.139984130859
906130508,358.940002441406
906130509,358.940002441406
906130552,179.048004150391
906130553,179.048004150391
906130554,179.048004150391
906130558,326.139984130859
906130559,326.139984130859
906130560,217.470001220703
906130633,169.177001953125
906130634,358.257019042969
906130642,218.115005493164
906130656,247.025009155273
906130657,265.540008544922
906130658,345.419982910156
906130659,426.929992675781
906130666,283.148010253906
906130667,283.148010253906
906130668,283.148010253906
906130688,179.217010498047
906130689,220.900009155273
906130690,299.696014404297
906130691,299.696014404297
906130692,207.839004516602
906130712,225.241012573242
906130713,372.569976806641
906130714,210.473007202148
906130746,322.06201171875
906130747,381.47998046875
906130780,203.822006225586
906130781,299.696014404297
906130783,207.839004516602
906130788,216.112014770508
906130789,216.112014770508
906130801,162.20100402832
906130810,192.103012084961
906130811,200.169998168945
906130812,255.807006835938
906130813,204.580017089844
906130814,204.580017089844
906130869,323.655029296875
906130870,265
906130889,426.929992675781
906130944,305.989990234375
906130951,358.433013916016
906130987,216.5
906131070,278.489990234375
906131071,426.929992675781
906131099,278.489990234375
906131106,353.119995117188
906131107,373.850006103516
906131123,298.154022216797
906131124,303.10302734375
906131149,225.228012084961
906131166,220.529998779297
906131167,279.019989013672
906131175,358.009979248047
906131184,314.759979248047
906131212,386.220001220703
906131213,360.692016601562
906131214,279.019989013672
906131215,223.779998779297
906131263,220.529998779297
906131264,220.529998779297
906131265,360.692016601562
906131266,223.779998779297
906131267,223.779998779297
906131268,223.779998779297
906131269,279.019989013672
906131301,386.220001220703
906131302,220.529998779297
906131303,220.529998779297
906131304,220.529998779297
906131305,220.529998779297
906131306,223.779998779297
906131307,279.019989013672
906131326,322.06201171875
906131360,299.239990234375
906131363,179.066009521484
906131389,281.734008789062
906131390,281.734008789062
906131399,382.449981689453
906131416,206.40901184082
906131417,225.228012084961
906131443,387.119995117188
906131444,281.598022460938
906131445,225.067016601562
906131446,214.755004882812
906131447,287.328002929688
906131475,278.199981689453
906131483,240.905014038086
906131484,281.734008789062
906131511,183.000015258789
906131512,172.68701171875
906131513,162.13200378418
906131514,224.890014648438
906131522,306.457000732422
906131525,174.118011474609
906131567,365.919982910156
906131568,358.433013916016
906131569,269.037017822266
906131570,269.037017822266
906131587,214.339004516602
906131596,207.586013793945
906131600,281.598022460938
906131601,369.489990234375
906131632,270.009979248047
906131639,189.459991455078
906131640,337.77001953125
906131641,343.052001953125
906131658,281.598022460938
906131659,281.598022460938
906131660,281.598022460938
906131661,369.489990234375
906131662,369.489990234375
906131686,299.239990234375
906131687,377.869995117188
906131723,174.118011474609
906131724,174.118011474609
906131781,365.919982910156
906131782,278.619995117188
906131783,358.433013916016
906131809,206.40901184082
906131813,210.473007202148
906131838,180.540008544922
906131882,314.759979248047
906131883,314.759979248047
906131884,214.755004882812
906131885,337.77001953125
906131886,343.052001953125
906131900,180.540008544922
906131901,372.609985351562
906131908,353.869995117188
906131936,192.103012084961
906131937,220.529998779297
906131938,306.457000732422
906131939,306.457000732422
906131978,261.089019775391
906132019,360.639984130859
906132020,367.558013916016
906132029,360.639984130859
906132030,367.558013916016
906132037,231.299987792969
906132038,400.600006103516
906132039,245.669998168945
906132049,320.660003662109
906132050,287.328002929688
906132078,281.015014648438
906132097,281.598022460938
906132098,281.598022460938
906132099,369.489990234375
906132100,369.489990234375
906132158,281.598022460938
906132170,216.112014770508
906132179,220.900009155273
906132181,299.696014404297
906132182,207.839004516602
906132183,216.112014770508
906132220,281.734008789062
906132236,343.052001953125
906132237,323.655029296875
906132238,378.449981689453
906132263,369.489990234375
906132272,218.163009643555
906132273,220.93000793457
906132274,214.755004882812
906132286,306.457000732422
906132287,320.660003662109
906132288,287.328002929688
906132289,287.328002929688
906132290,313.25
906132305,207.586013793945
906132306,209.599014282227
906132340,193.219009399414
906132361,192.195007324219
906132362,322.06201171875
906132363,426.929992675781
906132364,183.000015258789
906132365,162.13200378418
906132366,367.558013916016
906132379,158.799011230469
906132380,322.06201171875
906132381,281.734008789062
906132408,193.849990844727
906132409,305.989990234375
906132432,220.529998779297
906132433,360.692016601562
906132455,223.009017944336
906132456,354.355010986328
906132489,278.209991455078
906132515,299.696014404297
906132516,299.696014404297
906132533,294.705017089844
906132534,358.433013916016
906132552,338.130004882812
906132553,338.130004882812
906132566,367.558013916016
906132625,217.470001220703
906132633,353.869995117188
906132694,173.298004150391
906132695,404.639984130859
906132701,173.298004150391
906132702,404.639984130859
906132715,217.470001220703
906132723,209.599014282227
906132724,282.016021728516
906132740,283.148010253906
906132741,265.540008544922
906132742,345.419982910156
906132744,378.880004882812
906132792,155.646011352539
906132793,200.169998168945
906132806,343.052001953125
906132807,343.052001953125
906132856,365.839996337891
906132864,214.755004882812
906132865,337.77001953125
906132866,337.77001953125
906132867,323
906132868,343.052001953125
906132869,343.052001953125
906132900,207.839004516602
906132901,312.652008056641
906132915,386.220001220703
906132936,180.540008544922
906132960,369.489990234375
906133001,353.869995117188
906133002,426.929992675781
906133079,169.177001953125
906133162,314.759979248047
906133176,303.10302734375
906133177,210.278015136719
906133178,303.044006347656
906133183,386.220001220703
906133184,279.019989013672
906133217,287.328002929688
906133233,287.328002929688
906133234,314.759979248047
906133235,314.759979248047
906133236,314.759979248047
906133237,218.163009643555
906133247,404.639984130859
906133248,358.940002441406
906133266,217.470001220703
906133267,283.287017822266
906133268,283.287017822266
906133275,358.940002441406
906133276,240.610000610352
906133336,372.609985351562
906133350,278.199981689453
906133351,240.905014038086
906133362,303.044006347656
906133372,270.009979248047
906133490,365.839996337891
906133497,367.558013916016
906133515,200.169998168945
906133516,174.118011474609
906133517,204.580017089844
906133645,291.690002441406
906133689,265.540008544922
906133690,278.489990234375
906133743,209.599014282227
906133752,240.610000610352
906133813,203.822006225586
906133814,203.822006225586
906133815,299.696014404297
906133816,207.839004516602
906133836,158.799011230469
906133857,343.052001953125
906133858,343.052001953125
906133859,245.669998168945
906133860,261.089019775391
906133861,261.089019775391
906133945,265.540008544922
906133946,345.419982910156
906133947,418.699981689453
906133984,328.902008056641
906133985,220.529998779297
906134042,217.470001220703
906134043,283.287017822266
906134044,283.287017822266
906134062,225.228012084961
906134128,381.699981689453
906134231,353.119995117188
906134232,225.228012084961
906134233,225.228012084961
906134234,225.228012084961
906134235,227.741012573242
906134254,261.089019775391
906134339,381.47998046875
906134340,240.905014038086
906134363,299.696014404297
906134364,216.112014770508
906134376,216.112014770508
906134394,328.902008056641
906134424,358.940002441406
906134425,240.610000610352
906134426,240.610000610352
906134465,207.839004516602
906134466,207.839004516602
906134500,281.015014648438
906134690,265.540008544922
906134691,418.699981689453
906134698,207.839004516602
906134757,281.734008789062
906134834,378.880004882812
906134835,378.880004882812
906134904,377.869995117188
906135270,216.112014770508
906135271,216.112014770508
906135372,136.777008056641
906135373,282.016021728516
906135407,231.449005126953
906135408,219.919998168945
906135450,172.68701171875
906135451,231.597015380859
906135452,192.195007324219
906135463,322.06201171875
906135464,381.47998046875
906135465,179.217010498047
906135466,169.133010864258
906135467,158.799011230469
906135469,179.217010498047
906135470,179.217010498047
906135514,240.905014038086
906135515,367.526031494141
906135560,343.052001953125
906135607,220.529998779297
906135608,360.692016601562
906135643,136.777008056641
906135644,358.5830078125
906135645,211.399993896484
906135646,209.599014282227
906135647,209.599014282227
906135671,178.814010620117
906135687,265
906135777,255.807006835938
906135778,220.529998779297
906135779,220.529998779297
906135828,224.890014648438
906135829,426.929992675781
906135830,172.68701171875
906135850,303.10302734375
906135912,323.655029296875
906135967,203.822006225586
906135968,387.160003662109
906135969,279.109985351562
906136186,365.839996337891
906136187,171.935012817383
906136188,192.045013427734
906136189,192.045013427734
906136192,314.759979248047
906136355,179.066009521484
906136467,217.470001220703
906136592,352.75
906136884,174.118011474609
906136910,337.77001953125
906136911,323
906136915,400.600006103516
906136928,313.25
906136929,341.759979248047
906137006,228.419998168945
906137007,200.169998168945
906137120,367.558013916016
906137149,261.089019775391
906137316,345.419982910156
906137317,345.419982910156
906137318,265.540008544922
906137459,222.622009277344
906137460,225.05500793457
906137461,225.05500793457
906137462,418.699981689453
906137559,345.800018310547
906137563,227.959991455078
906137564,222.622009277344
906137565,283.148010253906
906137607,267.739990234375
906137608,267.739990234375
906137609,267.739990234375
906138015,267.739990234375
906138021,216.112014770508
906138828,279.019989013672
906138859,372.569976806641
906138860,372.609985351562
906138861,210.473007202148
906138862,225.228012084961
906138864,381.699981689453
906138998,207.839004516602
906139191,299.696014404297
906139487,347.929992675781
906139496,347.929992675781
906139497,347.929992675781
906139520,216.112014770508
906139521,216.112014770508
906139655,279.019989013672
906139661,279.019989013672
906139693,278.489990234375
906139694,154.202011108398
906139745,283.148010253906
906139748,247.025009155273
906139749,247.025009155273
906139750,299.917999267578
906139751,197.038009643555
906139752,297.192016601562
906139753,227.959991455078
906139754,222.622009277344
906139807,171.980010986328
906139826,154.411010742188
906139827,164.129013061523
906139833,174.098007202148
906139834,174.098007202148
906139866,193.219009399414
906139881,173.502014160156
906140080,231.449005126953
906140081,343.052001953125
906140345,238.420013427734
906140346,240.905014038086
906140356,227.741012573242
906140402,222.622009277344
906140469,386.459991455078
906140470,426.929992675781
906140471,172.68701171875
906140472,162.13200378418
906140589,174.118011474609
906140590,174.118011474609
906140591,255.807006835938
906140596,352.75
906140634,287.328002929688
906140635,281.598022460938
906140636,323.481018066406
906140637,220.93000793457
906140651,312.652008056641
906140671,179.066009521484
906140862,314.759979248047
906140863,287.328002929688
906140864,218.163009643555
906141137,281.734008789062
906141883,173.298004150391
906141884,218.115005493164
906141891,217.470001220703
906141923,173.298004150391
906141924,218.115005493164
906141933,179.217010498047
906141934,381.589996337891
906141935,158.80500793457
906142343,203.822006225586
906142344,267.739990234375
906142384,217.470001220703
906143212,206.40901184082
906143222,198.823013305664
906143223,178.814010620117
906143224,110.838005065918
906143259,203.039993286133
906143260,352.850006103516
906143320,305.989990234375
906143337,225.05500793457
906143338,283.148010253906
906143339,283.148010253906
906143340,283.148010253906
906143359,224.890014648438
906143360,214.339004516602
906143373,294.705017089844
906143374,358.433013916016
906143375,391.190002441406
906143392,314.759979248047
906143393,314.759979248047
906143394,314.759979248047
906143395,225.228012084961
906143417,337.77001953125
906143437,221.240005493164
906143511,197.65998840332
906143512,194.839996337891
906143525,360.692016601562
906143557,343.052001953125
906143558,261.089019775391
906143583,323.032012939453
906143584,231.449005126953
906143585,287.328002929688
906143586,313.25
906143587,281.598022460938
906143588,223.779998779297
906143876,180.540008544922
906143877,372.609985351562
906143908,279.019989013672
906144075,194.50700378418
906144087,381.47998046875
906144088,338.130004882812
906144089,158.799011230469
906144090,278.199981689453
906144091,278.199981689453
906144213,378.449981689453
906144214,365.919982910156
906144231,328.902008056641
906144294,278.070007324219
906144295,180.540008544922
906144322,265.540008544922
906144323,278.489990234375
906144341,210.278015136719
906144342,303.044006347656
906144343,303.044006347656
906144344,411.929992675781
906144351,220.529998779297
906144352,360.692016601562
906144366,343.052001953125
906144368,378.449981689453
906144463,294.705017089844
906144464,391.190002441406
906144515,172.68701171875
906144516,162.13200378418
906144524,214.339004516602
906144585,255.807006835938
906144586,287.328002929688
906144593,281.598022460938
906144594,281.598022460938
906144595,369.489990234375
906144635,353.119995117188
906144636,373.850006103516
906144637,225.228012084961
906144666,270.009979248047
906144801,341.011016845703
906144802,353.869995117188
906144845,255.807006835938
906144904,171.980010986328
906144921,194.50700378418
906144924,227.741012573242
906144936,367.558013916016
906145006,400.600006103516
906145104,381.699981689453
906145105,299.239990234375
906145429,345.419982910156
906145430,426.929992675781
906145431,378.880004882812
906145521,312.207000732422
906145564,278.199981689453
906145603,299.696014404297
906146392,173.298004150391
906146393,326.139984130859
906146394,283.287017822266
906146424,209.599014282227
906146425,209.599014282227
906146426,326.139984130859
906146438,404.639984130859
906146439,217.470001220703
906146454,278.489990234375
906146455,426.929992675781
906146456,358.940002441406
906146457,240.610000610352
906146491,378.880004882812
906146492,378.880004882812
906147020,207.839004516602
906147021,220.900009155273
906147186,345.419982910156
906147187,411.929992675781
906150511,235.299987792969
906150524,306.457000732422
906150617,347.929992675781
906154328,303.10302734375
906156292,207.839004516602
906158389,285.216003417969
906158559,352.75
