"record_id","ed","np"
905988587,160.296474358974,250
905992285,160.296474358974,250
905992924,160.296474358974,250
905992956,160.296474358974,250
905992957,160.296474358974,250
905993719,160.296474358974,250
905993780,160.296474358974,250
905993853,160.296474358974,250
905998169,160.296474358974,250
905999656,160.296474358974,250
906001300,160.296474358974,250
906010049,160.296474358974,250
906010050,160.296474358974,250
906021294,160.296474358974,250
906026040,114.345281052041,266
906026335,160.296474358974,250
906026897,160.296474358974,250
906029661,114.345281052041,266
906031121,135.694277711084,219
906031192,132.829071116981,255
906032416,132.829071116981,255
906032434,114.345281052041,266
906033099,114.345281052041,266
906033549,114.345281052041,266
906034690,144.081371135672,191
906036162,114.345281052041,266
906037064,147.652893225716,240
906037065,147.652893225716,240
906037220,132.829071116981,255
906037244,132.829071116981,255
906037432,144.081371135672,191
906037433,144.081371135672,191
906037434,121.661244326626,192
906037435,121.661244326626,192
906037587,121.661244326626,192
906037588,121.661244326626,192
906037722,144.081371135672,191
906037957,127.085338466474,183
906037958,129.54053403897,181
906038309,114.345281052041,266
906038310,104.76534006653,239
906038340,132.137554672766,202
906038646,147.652893225716,240
906038647,147.652893225716,240
906039027,144.081371135672,191
906039088,127.085338466474,183
906039104,115.6961822265,245
906039325,127.085338466474,183
906039439,147.652893225716,240
906039576,114.345281052041,266
906039577,104.76534006653,239
906039598,132.137554672766,202
906039599,132.137554672766,202
906039669,132.137554672766,202
906039670,132.137554672766,202
906039770,127.085338466474,183
906039771,139.377157075207,208
906039802,114.345281052041,266
906039803,114.345281052041,266
906039804,104.76534006653,239
906039805,104.76534006653,239
906039806,104.76534006653,239
906039807,104.76534006653,239
906039808,104.76534006653,239
906039809,104.76534006653,239
906039856,104.76534006653,239
906039857,104.76534006653,239
906040219,132.137554672766,202
906040221,127.085338466474,183
906040222,139.377157075207,208
906040247,152.50911129801,234
906040282,115.6961822265,245
906040283,115.6961822265,245
906040284,115.6961822265,245
906040285,115.6961822265,245
906040327,147.934447249269,211
906040342,127.085338466474,183
906040343,129.54053403897,181
906040344,139.377157075207,208
906040353,134.440300004011,303
906040354,134.440300004011,303
906040368,151.322115384615,287
906040384,132.829071116981,255
906040389,135.694277711084,219
906040390,135.694277711084,219
906040694,121.661244326626,192
906040695,144.081371135672,191
906040912,135.694277711084,219
906040913,135.694277711084,219
906041042,121.661244326626,192
906041043,144.081371135672,191
906041169,151.322115384615,287
906041170,151.322115384615,287
906041171,159.67127680898,345
906041173,159.67127680898,345
906041320,151.322115384615,287
906041615,151.322115384615,287
906041617,157.704799711296,330
906041644,147.652893225716,240
906042011,115.6961822265,245
906042040,134.440300004011,303
906042041,134.440300004011,303
906042278,135.694277711084,219
906042279,135.694277711084,219
906042657,144.081371135672,191
906043163,134.440300004011,303
906043179,157.704799711296,330
906043191,126.384207992297,180
906043410,157.704799711296,330
906043411,157.704799711296,330
906043440,115.6961822265,245
906043814,127.085338466474,183
906043815,129.54053403897,181
906043816,139.377157075207,208
906043819,134.440300004011,303
906043837,104.76534006653,239
906043838,104.76534006653,239
906043852,121.661244326626,192
906043912,147.934447249269,211
906044315,138.414683016751,211
906044344,126.384207992297,180
906044402,119.491559404948,158
906044415,119.491559404948,158
906044512,141.849089888541,220
906044513,141.849089888541,220
906044599,147.934447249269,211
906044673,135.694277711084,219
906044687,132.137554672766,202
906044789,147.652893225716,240
906044823,129.54053403897,181
906044824,139.377157075207,208
906044859,147.934447249269,211
906044880,151.322115384615,287
906044950,104.76534006653,239
906045067,159.67127680898,345
906045070,157.704799711296,330
906045234,131.184347686633,200
906045235,131.184347686633,200
906045236,138.414683016751,211
906045322,147.934447249269,211
906045477,138.414683016751,211
906045530,118.288624243153,253
906045616,131.184347686633,200
906045827,157.704799711296,330
906045903,157.704799711296,330
906045904,157.704799711296,330
906045905,157.704799711296,330
906045918,122.663457681508,173
906046026,141.849089888541,220
906046199,157.704799711296,330
906046389,119.491559404948,158
906046390,119.491559404948,158
906046391,119.491559404948,158
906046392,119.491559404948,158
906046931,147.652893225716,240
906046932,147.652893225716,240
906047692,157.742750571532,342
906048006,132.651423987164,202
906048007,132.651423987164,202
906048008,132.651423987164,202
906048024,118.288624243153,253
906048058,141.849089888541,220
906048059,141.849089888541,220
906048084,159.020670278948,342
906048085,159.020670278948,342
906048117,151.322115384615,287
906048133,126.384207992297,180
906048134,126.384207992297,180
906049059,157.742750571532,342
906049131,118.288624243153,253
906049211,126.384207992297,180
906049328,118.288624243153,253
906049329,146.904217326753,255
906049330,146.904217326753,255
906051632,157.742750571532,342
906052930,157.742750571532,342
906058391,135.694277711084,219
906058478,114.345281052041,266
906058479,104.76534006653,239
906059123,152.50911129801,234
906059124,139.924625130302,268
906059436,152.50911129801,234
906059437,163.09924643258,350
906059438,163.09924643258,350
906059439,163.09924643258,350
906059625,145.763254845427,326
906059654,136.001281897208,321
906059680,147.934447249269,211
906059681,147.934447249269,211
906059683,143.749249429566,282
906059684,143.749249429566,282
906059814,135.322664741507,290
906059815,135.322664741507,290
906059949,132.137554672766,202
906059950,132.137554672766,202
906059951,141.849089888541,220
906060470,104.76534006653,239
906060472,136.001281897208,321
906060473,136.001281897208,321
906060474,136.001281897208,321
906060519,147.934447249269,211
906060521,143.749249429566,282
906060522,143.749249429566,282
906060554,146.904217326753,255
906060555,146.904217326753,255
906060556,135.322664741507,290
906060557,135.322664741507,290
906060778,127.085338466474,183
906060998,159.020670278948,342
906061192,160.415163901579,352
906061363,141.946349091784,287
906061405,136.001281897208,321
906061452,136.001281897208,321
906061489,141.946349091784,287
906061534,118.288624243153,253
906061576,138.414683016751,211
906061833,150.206503869441,293
906061976,120.963855421687,270
906061999,125.671881267549,250
906062000,125.671881267549,250
906062001,125.671881267549,250
906062047,126.384207992297,180
906062048,136.001281897208,321
906062098,126.384207992297,180
906062099,136.001281897208,321
906062286,123.199743250291,198
906062301,120.963855421687,270
906062327,138.414683016751,211
906062328,159.020670278948,342
906062329,159.020670278948,342
906062351,141.849089888541,220
906062419,132.651423987164,202
906062443,118.288624243153,253
906062444,146.904217326753,255
906062445,146.904217326753,255
906062460,135.207657495294,192
906062461,135.207657495294,192
906062462,135.207657495294,192
906062463,135.207657495294,192
906062529,143.749249429566,282
906062589,122.663457681508,173
906062590,122.663457681508,173
906062650,163.09924643258,350
906062779,118.288624243153,253
906062780,146.904217326753,255
906062806,135.694277711084,219
906062807,131.184347686633,200
906062808,159.020670278948,342
906063005,132.137554672766,202
906063053,141.849089888541,220
906063062,143.749249429566,282
906063072,125.671881267549,250
906063203,143.749249429566,282
906063301,120.963855421687,270
906063325,159.67127680898,345
906063327,157.704799711296,330
906063328,132.651423987164,202
906063330,125.671881267549,250
906063339,132.651423987164,202
906063351,119.491559404948,158
906063353,152.50911129801,234
906063354,150.206503869441,293
906063355,150.206503869441,293
906063356,134.401477733606,202
906063372,151.322115384615,287
906063386,122.663457681508,173
906063461,147.934447249269,211
906063464,143.749249429566,282
906063552,135.207657495294,192
906063603,135.322664741507,290
906063604,135.322664741507,290
906063882,131.184347686633,200
906063913,115.6961822265,245
906064105,157.704799711296,330
906064106,132.651423987164,202
906064225,150.206503869441,293
906064235,150.206503869441,293
906064449,141.946349091784,287
906064502,134.401477733606,202
906064503,134.401477733606,202
906064521,159.020670278948,342
906064551,139.924625130302,268
906064561,160.415163901579,352
906064607,135.207657495294,192
906064608,135.207657495294,192
906064686,141.946349091784,287
906064711,141.946349091784,287
906064736,130.010834236186,191
906064750,141.946349091784,287
906065051,146.904217326753,255
906065058,163.09924643258,350
906065059,163.09924643258,350
906065146,115.6961822265,245
906065361,125.671881267549,250
906065362,125.671881267549,250
906065389,123.199743250291,198
906065464,120.963855421687,270
906065483,125.671881267549,250
906065509,123.199743250291,198
906065534,147.934447249269,211
906065787,125.671881267549,250
906065788,125.671881267549,250
906066228,134.401477733606,202
906066403,159.020670278948,342
906066464,144.7357870259,282
906066465,157.742750571532,342
906066483,135.322664741507,290
906066484,135.322664741507,290
906066883,126.384207992297,180
906067067,141.849089888541,220
906067068,141.849089888541,220
906067146,141.946349091784,287
906067147,141.946349091784,287
906067334,132.651423987164,202
906067398,126.384207992297,180
906067399,136.001281897208,321
906067431,139.924625130302,268
906067451,122.663457681508,173
906067452,122.663457681508,173
906067497,147.934447249269,211
906067507,144.7357870259,282
906067508,144.7357870259,282
906067509,144.7357870259,282
906068290,141.69877970456,236
906068297,131.184347686633,200
906068298,138.414683016751,211
906068299,159.020670278948,342
906068312,130.410342889264,257
906068370,130.010834236186,191
906068778,125.671881267549,250
906068779,125.671881267549,250
906068834,113.810382842253,183
906068835,141.69877970456,236
906068836,141.69877970456,236
906068890,150.206503869441,293
906068893,119.491559404948,158
906068894,163.09924643258,350
906068943,126.384207992297,180
906069076,150.206503869441,293
906069079,136.332733453309,208
906069242,134.401477733606,202
906069243,136.332733453309,208
906069343,129.54053403897,181
906069344,139.377157075207,208
906069345,122.663457681508,173
906069370,143.749249429566,282
906069417,144.7357870259,282
906069418,144.7357870259,282
906069479,141.946349091784,287
906069482,110.469777136444,170
906069627,125.591656638588,287
906069777,151.322115384615,287
906069778,159.67127680898,345
906070236,130.410342889264,257
906070384,130.010834236186,191
906070385,130.010834236186,191
906070464,144.7357870259,282
906070544,125.671881267549,250
906070553,130.410342889264,257
906070731,130.410342889264,257
906070773,144.7357870259,282
906070905,134.401477733606,202
906070906,136.332733453309,208
906071026,135.207657495294,192
906071027,130.010834236186,191
906071227,126.384207992297,180
906071309,130.410342889264,257
906071342,130.410342889264,257
906071343,130.410342889264,257
906071556,136.332733453309,208
906071681,132.829071116981,255
906071765,134.401477733606,202
906071766,136.332733453309,208
906071767,136.332733453309,208
906071905,125.591656638588,287
906071909,130.410342889264,257
906072008,138.244602010976,313
906072104,113.810382842253,183
906072174,130.010834236186,191
906072175,130.010834236186,191
906072176,130.010834236186,191
906072195,141.69877970456,236
906072259,NA,NA
906072260,NA,NA
906072526,130.010834236186,191
906072527,130.010834236186,191
906072792,146.904217326753,255
906072800,130.010834236186,191
906073052,NA,NA
906073062,150.206503869441,293
906073125,113.810382842253,183
906073239,NA,NA
906073330,NA,NA
906073452,113.810382842253,183
906073564,NA,NA
906073628,NA,NA
906073781,157.742750571532,342
906073782,157.742750571532,342
906074234,107.661452065784,229
906074235,107.661452065784,229
906074626,138.244602010976,313
906074968,144.7357870259,282
906075232,144.7357870259,282
906075233,144.7357870259,282
906075234,144.7357870259,282
906075280,118.288624243153,253
906075441,144.7357870259,282
906076329,107.661452065784,229
906076330,107.661452065784,229
906076331,107.661452065784,229
906076332,107.661452065784,229
906076333,107.661452065784,229
906076373,138.244602010976,313
906076536,144.043321299639,204
906076686,109.053002966883,165
906077708,113.810382842253,183
906077732,150.02406159769,244
906077942,127.217272654306,209
906078290,NA,NA
906078291,NA,NA
906078340,138.244602010976,313
906078690,138.244602010976,313
906078691,127.467501203659,206
906079003,144.025989652268,237
906079005,127.467501203659,206
906079006,127.467501203659,206
906079284,125.591656638588,287
906079816,144.043321299639,204
906079817,144.043321299639,204
906079818,148.277383387478,197
906079819,148.277383387478,197
906079850,127.467501203659,206
906079882,119.757838184588,261
906079883,119.757838184588,261
906079895,150.02406159769,244
906079896,150.02406159769,244
906080012,127.217272654306,209
906080013,127.217272654306,209
906080132,144.043321299639,204
906080133,144.043321299639,204
906080134,148.277383387478,197
906080135,148.277383387478,197
906080136,132.049739269956,203
906080190,118.767035433702,253
906080191,118.767035433702,253
906080610,144.043321299639,204
906080611,132.049739269956,203
906080968,107.661452065784,229
906080969,107.661452065784,229
906081447,150.02406159769,244
906082079,144.043321299639,204
906082080,148.277383387478,197
906082081,148.277383387478,197
906082985,118.767035433702,253
906083036,127.217272654306,209
906083154,130.410342889264,257
906083496,107.661452065784,229
906083497,107.661452065784,229
906083558,119.757838184588,261
906083619,144.025989652268,237
906083631,127.467501203659,206
906083634,107.661452065784,229
906083763,144.043321299639,204
906083782,160.657051282051,342
906083830,107.661452065784,229
906084006,118.767035433702,253
906084084,119.757838184588,261
906084085,119.757838184588,261
906084086,119.757838184588,261
906084087,119.757838184588,261
906084099,150.02406159769,244
906084688,141.69877970456,236
906085290,138.244602010976,313
906085592,127.217272654306,209
906085593,127.217272654306,209
906086009,160.657051282051,342
906086011,126.73966229495,256
906086247,119.757838184588,261
906086366,144.025989652268,237
906086367,144.025989652268,237
906086368,144.025989652268,237
906086777,151.577173127859,302
906086797,132.049739269956,203
906086811,107.661452065784,229
906086827,119.757838184588,261
906086852,143.217893217893,299
906086853,139.924625130302,268
906086857,109.053002966883,165
906086858,160.657051282051,342
906086878,138.244602010976,313
906087364,127.217272654306,209
906087448,157.389635316699,353
906087449,157.389635316699,353
906087469,118.767035433702,253
906087751,150.02406159769,244
906088515,107.661452065784,229
906088519,141.246338429437,311
906088520,141.246338429437,311
906088521,141.246338429437,311
906088611,134.866177119698,301
906088699,141.246338429437,311
906088748,143.217893217893,299
906088763,107.661452065784,229
906088783,144.043321299639,204
906088784,144.043321299639,204
906088811,126.73966229495,256
906088817,139.924625130302,268
906088937,160.657051282051,342
906088938,143.217893217893,299
906088939,139.924625130302,268
906089165,119.757838184588,261
906089166,159.753116107571,348
906089392,118.767035433702,253
906089503,134.866177119698,301
906089561,141.246338429437,311
906089947,144.025989652268,237
906090720,135.694277711084,219
906090722,113.810382842253,183
906090815,157.389635316699,353
906090897,141.246338429437,311
906090961,151.577173127859,302
906091077,159.753116107571,348
906091137,155.600994306792,344
906091156,137.634926367321,240
906091913,141.246338429437,311
906091961,134.866177119698,301
906091962,134.866177119698,301
906091963,134.866177119698,301
906092033,155.600994306792,344
906092034,155.600994306792,344
906092146,159.753116107571,348
906092147,159.753116107571,348
906092148,159.753116107571,348
906092149,143.636655432515,280
906092389,151.577173127859,302
906092565,141.246338429437,311
906092652,143.217893217893,299
906092653,143.217893217893,299
906092717,141.246338429437,311
906092801,157.389635316699,353
906092855,141.69877970456,236
906092875,160.657051282051,342
906092885,119.757838184588,261
906092935,127.467501203659,206
906093135,157.389635316699,353
906093182,147.934447249269,211
906093199,155.600994306792,344
906093208,134.866177119698,301
906093234,134.866177119698,301
906093254,155.600994306792,344
906093384,144.043321299639,204
906093385,148.277383387478,197
906093579,160.657051282051,342
906093674,143.217893217893,299
906093808,155.600994306792,344
906094111,147.652893225716,240
906094181,146.904217326753,255
906094211,151.577173127859,302
906094392,137.634926367321,240
906094776,137.490970382856,212
906095472,137.490970382856,212
906095473,137.490970382856,212
906095535,151.577173127859,302
906095590,159.753116107571,348
906095654,157.389635316699,353
906096045,143.636655432515,280
906096124,139.052661131833,277
906096258,137.490970382856,212
906096290,143.636655432515,280
906096504,159.753116107571,348
906096532,127.217272654306,209
906096533,127.217272654306,209
906096568,157.389635316699,353
906096652,151.577173127859,302
906096929,151.577173127859,302
906097074,144.025989652268,237
906097075,134.866177119698,301
906097252,126.73966229495,256
906097579,132.137554672766,202
906097580,141.849089888541,220
906097676,139.924625130302,268
906098153,159.753116107571,348
906098154,159.753116107571,348
906100608,137.490970382856,212
906101440,151.577173127859,302
906101796,130.523780854907,231
906102176,139.052661131833,277
906102325,139.052661131833,277
906102473,134.866177119698,301
906102533,143.636655432515,280
906102584,143.217893217893,299
906102647,139.052661131833,277
906102815,144.025989652268,237
906103190,141.246338429437,311
906103859,130.523780854907,231
906103860,130.523780854907,231
906104125,139.052661131833,277
906104133,127.217272654306,209
906104226,155.600994306792,344
906105340,126.947882866643,182
906105423,107.661452065784,229
906105549,126.947882866643,182
906105550,126.947882866643,182
906105954,143.636655432515,280
906107521,143.636655432515,280
906107522,143.636655432515,280
906108073,126.947882866643,182
906109144,155.600994306792,344
906109340,126.947882866643,182
906109810,130.523780854907,231
906109811,130.523780854907,231
906110183,126.947882866643,182
906110447,137.490970382856,212
906110448,137.490970382856,212
906110942,126.947882866643,182
906111846,143.217893217893,299
906111847,143.217893217893,299
906112706,126.947882866643,182
906112707,126.947882866643,182
906113225,134.866177119698,301
906113259,104.76534006653,239
906113260,104.76534006653,239
906113484,136.332733453309,208
906113581,125.671881267549,250
906113582,125.671881267549,250
906113781,135.207657495294,192
906113782,135.207657495294,192
906113804,120.963855421687,270
906113840,144.025989652268,237
906113841,144.025989652268,237
906113842,144.025989652268,237
906113843,127.467501203659,206
906113924,126.947882866643,182
906114028,159.020670278948,342
906114339,125.671881267549,250
906114340,125.671881267549,250
906114341,144.025989652268,237
906114413,126.384207992297,180
906114465,113.810382842253,183
906114466,159.020670278948,342
906114467,159.020670278948,342
906114516,135.207657495294,192
906114626,118.288624243153,253
906114627,118.288624243153,253
906114628,146.904217326753,255
906114629,146.904217326753,255
906114630,146.904217326753,255
906114645,125.671881267549,250
906114646,159.67127680898,345
906114816,126.384207992297,180
906114817,126.384207992297,180
906114818,126.384207992297,180
906114819,141.246338429437,311
906114820,126.384207992297,180
906114887,120.963855421687,270
906114894,159.753116107571,348
906114895,143.636655432515,280
906114896,143.636655432515,280
906115202,130.410342889264,257
906115259,109.053002966883,165
906115578,109.053002966883,165
906115579,109.053002966883,165
906115580,143.217893217893,299
906115581,126.73966229495,256
906115582,119.491559404948,158
906115583,119.491559404948,158
906115617,144.043321299639,204
906115755,130.010834236186,191
906115756,130.010834236186,191
906115757,150.02406159769,244
906116307,137.490970382856,212
906116644,125.591656638588,287
906116658,126.384207992297,180
906116659,126.384207992297,180
906116660,126.384207992297,180
906116692,150.02406159769,244
906116753,160.415163901579,352
906116774,141.69877970456,236
906116775,135.694277711084,219
906116818,118.288624243153,253
906116819,146.904217326753,255
906116820,146.904217326753,255
906116821,146.904217326753,255
906116822,146.904217326753,255
906116864,141.246338429437,311
906116865,136.001281897208,321
906116866,104.76534006653,239
906116867,144.043321299639,204
906116868,136.001281897208,321
906116950,113.810382842253,183
906116997,144.025989652268,237
906117013,145.763254845427,326
906117014,145.763254845427,326
906117015,118.767035433702,253
906117104,132.137554672766,202
906117121,159.020670278948,342
906117122,135.694277711084,219
906117180,126.73966229495,256
906117181,119.491559404948,158
906117182,163.09924643258,350
906117207,126.947882866643,182
906117222,118.767035433702,253
906117278,132.137554672766,202
906117279,132.137554672766,202
906117280,132.137554672766,202
906117281,141.849089888541,220
906117282,141.849089888541,220
906117298,NA,NA
906117310,141.849089888541,220
906117311,141.849089888541,220
906117362,NA,NA
906117363,NA,NA
906117478,115.6961822265,245
906117487,143.749249429566,282
906117488,143.749249429566,282
906117489,143.749249429566,282
906117490,143.749249429566,282
906117493,159.753116107571,348
906117494,119.757838184588,261
906117498,130.523780854907,231
906117592,151.577173127859,302
906117644,145.763254845427,326
906117645,145.763254845427,326
906117669,151.577173127859,302
906117670,151.577173127859,302
906117671,151.577173127859,302
906117672,NA,NA
906117673,NA,NA
906117674,NA,NA
906117679,127.217272654306,209
906117690,135.207657495294,192
906117908,151.577173127859,302
906117909,NA,NA
906117944,120.963855421687,270
906117956,120.963855421687,270
906117974,127.467501203659,206
906117975,151.322115384615,287
906117976,151.322115384615,287
906117990,137.634926367321,240
906118070,159.67127680898,345
906118071,151.322115384615,287
906118072,151.322115384615,287
906118073,138.244602010976,313
906118074,138.244602010976,313
906118075,157.704799711296,330
906118076,157.704799711296,330
906118128,NA,NA
906118129,NA,NA
906118130,NA,NA
906118131,NA,NA
906118132,143.636655432515,280
906118133,143.636655432515,280
906118134,159.753116107571,348
906118135,159.753116107571,348
906118136,159.753116107571,348
906118137,159.753116107571,348
906118138,119.757838184588,261
906118152,127.085338466474,183
906118153,127.085338466474,183
906118182,137.634926367321,240
906118186,129.54053403897,181
906118189,134.440300004011,303
906118190,155.600994306792,344
906118235,157.704799711296,330
906118236,157.704799711296,330
906118237,132.651423987164,202
906118285,144.043321299639,204
906118286,148.277383387478,197
906118318,NA,NA
906118319,NA,NA
906118320,NA,NA
906118348,132.829071116981,255
906118349,NA,NA
906118350,NA,NA
906118351,NA,NA
906118367,NA,NA
906118371,139.052661131833,277
906118404,120.963855421687,270
906118405,132.829071116981,255
906118444,119.757838184588,261
906118452,143.749249429566,282
906118464,114.345281052041,266
906118465,114.345281052041,266
906118472,148.277383387478,197
906118473,148.277383387478,197
906118497,104.76534006653,239
906118498,104.76534006653,239
906118499,144.043321299639,204
906118500,136.001281897208,321
906118501,132.049739269956,203
906118502,132.049739269956,203
906118503,114.345281052041,266
906118504,132.829071116981,255
906118505,NA,NA
906118514,139.052661131833,277
906118515,132.829071116981,255
906118516,NA,NA
906118535,148.277383387478,197
906118536,148.277383387478,197
906118548,136.001281897208,321
906118549,144.043321299639,204
906118552,NA,NA
906118553,143.636655432515,280
906118554,NA,NA
906118555,147.934447249269,211
906118556,119.757838184588,261
906118557,119.757838184588,261
906118567,NA,NA
906118568,NA,NA
906118655,163.09924643258,350
906118663,126.947882866643,182
906118666,160.415163901579,352
906118671,163.09924643258,350
906118672,139.924625130302,268
906118688,126.947882866643,182
906118724,160.415163901579,352
906118803,160.415163901579,352
906118814,119.491559404948,158
906118815,163.09924643258,350
906118816,163.09924643258,350
906118817,139.924625130302,268
906118818,136.332733453309,208
906118819,134.401477733606,202
906118820,150.206503869441,293
906118821,150.206503869441,293
906118822,160.657051282051,342
906118857,125.591656638588,287
906118859,NA,NA
906118860,159.753116107571,348
906118861,159.753116107571,348
906118862,119.757838184588,261
906118863,NA,NA
906118890,118.288624243153,253
906118930,132.049739269956,203
906118931,114.345281052041,266
906118932,148.277383387478,197
906118933,141.246338429437,311
906119047,125.671881267549,250
906119100,151.577173127859,302
906119108,144.025989652268,237
906119190,126.384207992297,180
906119252,144.025989652268,237
906119253,144.025989652268,237
906119267,126.947882866643,182
906119389,135.207657495294,192
906119390,135.207657495294,192
906119402,NA,NA
906119428,NA,NA
906119467,126.384207992297,180
906119468,114.345281052041,266
906119475,148.277383387478,197
906119476,141.246338429437,311
906119515,131.184347686633,200
906119539,NA,NA
906119553,NA,NA
906119582,125.671881267549,250
906119583,159.67127680898,345
906119584,157.704799711296,330
906119600,NA,NA
906119629,126.947882866643,182
906119680,126.947882866643,182
906119681,126.947882866643,182
906119682,126.947882866643,182
906119683,126.947882866643,182
906119690,144.081371135672,191
906119691,144.081371135672,191
906119727,130.410342889264,257
906119728,130.410342889264,257
906119740,118.767035433702,253
906119781,159.67127680898,345
906119782,151.322115384615,287
906119783,138.244602010976,313
906119790,110.469777136444,170
906119798,110.469777136444,170
906119799,160.415163901579,352
906119806,159.020670278948,342
906119807,131.184347686633,200
906119815,146.904217326753,255
906119816,146.904217326753,255
906119823,135.322664741507,290
906119824,135.322664741507,290
906119830,118.288624243153,253
906119839,NA,NA
906119840,139.052661131833,277
906119841,NA,NA
906119848,141.849089888541,220
906119892,144.081371135672,191
906119911,NA,NA
906119922,NA,NA
906119966,135.322664741507,290
906119967,NA,NA
906119968,132.137554672766,202
906119977,141.849089888541,220
906119991,151.577173127859,302
906119992,NA,NA
906119993,127.217272654306,209
906119994,147.652893225716,240
906120073,157.704799711296,330
906120074,132.651423987164,202
906120075,144.025989652268,237
906120076,151.322115384615,287
906120127,NA,NA
906120128,NA,NA
906120129,NA,NA
906120130,NA,NA
906120131,NA,NA
906120133,143.636655432515,280
906120134,159.753116107571,348
906120135,119.757838184588,261
906120139,NA,NA
906120140,159.753116107571,348
906120141,159.753116107571,348
906120158,136.332733453309,208
906120159,134.401477733606,202
906120160,152.50911129801,234
906120166,155.600994306792,344
906120182,126.947882866643,182
906120208,150.02406159769,244
906120252,137.490970382856,212
906120279,143.217893217893,299
906120280,109.053002966883,165
906120300,157.389635316699,353
906120308,150.02406159769,244
906120312,NA,NA
906120338,NA,NA
906120340,NA,NA
906120345,127.217272654306,209
906120346,147.652893225716,240
906120383,118.767035433702,253
906120392,118.767035433702,253
906120444,135.322664741507,290
906120459,135.322664741507,290
906120460,135.322664741507,290
906120470,115.6961822265,245
906120520,155.600994306792,344
906120521,NA,NA
906120553,144.025989652268,237
906120554,151.322115384615,287
906120576,123.199743250291,198
906120577,123.199743250291,198
906120578,NA,NA
906120579,NA,NA
906120594,147.934447249269,211
906120595,159.753116107571,348
906120634,136.332733453309,208
906120635,134.401477733606,202
906120636,150.206503869441,293
906120637,150.206503869441,293
906120638,150.206503869441,293
906120639,152.50911129801,234
906120640,160.657051282051,342
906120690,107.661452065784,229
906120691,107.661452065784,229
906120692,107.661452065784,229
906120693,107.661452065784,229
906120694,NA,NA
906120738,NA,NA
906120739,119.757838184588,261
906120754,141.246338429437,311
906120778,147.652893225716,240
906120779,147.652893225716,240
906120780,147.652893225716,240
906120781,NA,NA
906120793,139.377157075207,208
906120794,134.440300004011,303
906120799,155.600994306792,344
906120800,107.661452065784,229
906120801,NA,NA
906120816,119.757838184588,261
906120817,NA,NA
906120818,NA,NA
906120820,NA,NA
906120826,159.753116107571,348
906120869,139.924625130302,268
906120870,134.401477733606,202
906120871,150.206503869441,293
906120872,119.491559404948,158
906120873,152.50911129801,234
906120883,157.389635316699,353
906120884,NA,NA
906120885,NA,NA
906120886,157.389635316699,353
906120893,123.199743250291,198
906120894,123.199743250291,198
906120900,NA,NA
906120901,NA,NA
906120919,NA,NA
906120920,NA,NA
906120922,134.866177119698,301
906120923,134.866177119698,301
906120924,144.025989652268,237
906120925,151.322115384615,287
906120926,151.322115384615,287
906120930,138.244602010976,313
906120931,157.704799711296,330
906120932,157.704799711296,330
906120933,157.704799711296,330
906120935,132.651423987164,202
906120936,132.651423987164,202
906120957,NA,NA
906120958,NA,NA
906120959,NA,NA
906120962,147.652893225716,240
906120970,104.76534006653,239
906120971,136.001281897208,321
906120982,136.001281897208,321
906121055,123.199743250291,198
906121062,160.657051282051,342
906121063,143.217893217893,299
906121098,NA,NA
906121099,NA,NA
906121135,132.137554672766,202
906121144,NA,NA
906121149,107.661452065784,229
906121150,107.661452065784,229
906121170,127.217272654306,209
906121171,151.577173127859,302
906121175,NA,NA
906121176,147.652893225716,240
906121180,143.749249429566,282
906121181,NA,NA
906121191,143.749249429566,282
906121192,NA,NA
906121193,159.753116107571,348
906121209,104.76534006653,239
906121210,141.246338429437,311
906121218,148.277383387478,197
906121224,163.09924643258,350
906121225,150.206503869441,293
906121226,160.657051282051,342
906121227,143.217893217893,299
906121239,NA,NA
906121251,119.757838184588,261
906121252,NA,NA
906121253,NA,NA
906121274,NA,NA
906121275,127.217272654306,209
906121311,159.753116107571,348
906121314,NA,NA
906121315,147.934447249269,211
906121353,NA,NA
906121354,NA,NA
906121368,143.217893217893,299
906121369,109.053002966883,165
906121370,NA,NA
906121371,NA,NA
906121372,126.73966229495,256
906121373,126.73966229495,256
906121380,104.76534006653,239
906121381,136.001281897208,321
906121382,NA,NA
906121383,NA,NA
906121414,152.50911129801,234
906121415,143.217893217893,299
906121416,143.217893217893,299
906121417,143.217893217893,299
906121418,109.053002966883,165
906121480,141.69877970456,236
906121481,131.184347686633,200
906121482,138.414683016751,211
906121504,159.020670278948,342
906121525,126.947882866643,182
906121526,126.947882866643,182
906121527,110.469777136444,170
906121528,121.661244326626,192
906121529,121.661244326626,192
906121534,135.694277711084,219
906121535,159.020670278948,342
906121536,138.414683016751,211
906121543,135.694277711084,219
906121544,131.184347686633,200
906121545,159.020670278948,342
906121573,144.7357870259,282
906121589,130.523780854907,231
906121590,130.523780854907,231
906121608,NA,NA
906121609,136.332733453309,208
906121610,163.09924643258,350
906121617,143.217893217893,299
906121618,143.217893217893,299
906121619,109.053002966883,165
906121620,NA,NA
906121621,136.332733453309,208
906121624,123.199743250291,198
906121625,NA,NA
906121651,157.389635316699,353
906121661,118.288624243153,253
906121662,118.288624243153,253
906121667,134.866177119698,301
906121676,NA,NA
906121677,NA,NA
906121678,NA,NA
906121681,NA,NA
906121682,147.652893225716,240
906121683,147.652893225716,240
906121684,NA,NA
906121685,NA,NA
906121686,NA,NA
906121693,NA,NA
906121708,NA,NA
906121709,NA,NA
906121721,NA,NA
906121722,NA,NA
906121723,123.199743250291,198
906121726,NA,NA
906121729,115.6961822265,245
906121730,115.6961822265,245
906121731,115.6961822265,245
906121732,115.6961822265,245
906121733,118.288624243153,253
906121737,NA,NA
906121738,NA,NA
906121739,NA,NA
906121740,NA,NA
906121745,NA,NA
906121746,147.652893225716,240
906121758,NA,NA
906121759,NA,NA
906121760,120.963855421687,270
906121761,NA,NA
906121762,139.052661131833,277
906121777,126.947882866643,182
906121778,110.469777136444,170
906121779,110.469777136444,170
906121780,160.415163901579,352
906121782,160.415163901579,352
906121783,NA,NA
906121784,NA,NA
906121785,141.946349091784,287
906121788,138.414683016751,211
906121789,138.414683016751,211
906121790,138.414683016751,211
906121799,NA,NA
906121804,126.947882866643,182
906121805,110.469777136444,170
906121834,NA,NA
906121835,NA,NA
906121836,157.389635316699,353
906121840,150.02406159769,244
906121841,150.02406159769,244
906121845,NA,NA
906121846,NA,NA
906121849,NA,NA
906121850,NA,NA
906121858,NA,NA
906121859,NA,NA
906121860,123.199743250291,198
906121861,123.199743250291,198
906121862,123.199743250291,198
906121864,130.523780854907,231
906121865,145.763254845427,326
906121866,NA,NA
906121880,NA,NA
906121881,NA,NA
906121882,NA,NA
906121883,139.052661131833,277
906121901,NA,NA
906121902,NA,NA
906121909,NA,NA
906121910,138.244602010976,313
906121911,138.244602010976,313
906121912,138.244602010976,313
906121914,NA,NA
906121915,NA,NA
906121916,NA,NA
906121922,151.322115384615,287
906121923,151.322115384615,287
906121924,151.322115384615,287
906121935,150.02406159769,244
906121936,150.02406159769,244
906121937,150.02406159769,244
906121962,147.652893225716,240
906121973,NA,NA
906122000,159.67127680898,345
906122005,157.704799711296,330
906122006,138.244602010976,313
906122136,136.332733453309,208
906122137,NA,NA
906122138,NA,NA
906122141,126.73966229495,256
906122142,152.50911129801,234
906122152,152.50911129801,234
906122153,152.50911129801,234
906122175,126.947882866643,182
906122176,110.469777136444,170
906122177,110.469777136444,170
906122178,160.415163901579,352
906122187,141.946349091784,287
906122188,144.081371135672,191
906122189,144.081371135672,191
906122244,NA,NA
906122250,NA,NA
906122251,NA,NA
906122258,NA,NA
906122259,NA,NA
906122260,NA,NA
906122308,NA,NA
906122309,NA,NA
906122310,NA,NA
906122321,NA,NA
906122348,NA,NA
906122377,NA,NA
906122389,160.415163901579,352
906122390,144.081371135672,191
906122391,144.081371135672,191
906122461,139.377157075207,208
906122511,139.052661131833,277
906122522,126.384207992297,180
906122523,104.76534006653,239
906122557,147.934447249269,211
906122569,143.636655432515,280
906122570,159.753116107571,348
906122571,119.757838184588,261
906122578,138.244602010976,313
906122579,NA,NA
906122580,132.651423987164,202
906122581,134.866177119698,301
906122589,130.410342889264,257
906122590,132.137554672766,202
906122602,141.849089888541,220
906122606,163.09924643258,350
906122607,139.924625130302,268
906122616,136.332733453309,208
906122617,134.401477733606,202
906122637,118.288624243153,253
906122638,146.904217326753,255
906122646,135.322664741507,290
906122647,115.6961822265,245
906122652,NA,NA
906122653,NA,NA
906122654,147.652893225716,240
906122705,107.661452065784,229
906122734,135.207657495294,192
906122735,157.389635316699,353
906122736,NA,NA
906122737,NA,NA
906122764,123.199743250291,198
906122765,NA,NA
906122788,NA,NA
906122789,151.322115384615,287
906122790,157.704799711296,330
906122791,NA,NA
906122792,NA,NA
906122793,NA,NA
906122804,122.663457681508,173
906122805,134.440300004011,303
906122806,155.600994306792,344
906122815,141.849089888541,220
906122816,NA,NA
906122832,141.246338429437,311
906122845,160.657051282051,342
906122846,160.657051282051,342
906122847,152.50911129801,234
906122856,143.217893217893,299
906122857,NA,NA
906122858,NA,NA
906122869,159.753116107571,348
906122870,159.753116107571,348
906122871,159.753116107571,348
906122872,159.753116107571,348
906122873,NA,NA
906122874,147.934447249269,211
906122882,130.523780854907,231
906122890,NA,NA
906122891,139.052661131833,277
906123020,NA,NA
906123021,157.704799711296,330
906123022,134.866177119698,301
906123049,135.322664741507,290
906123136,127.217272654306,209
906123143,127.217272654306,209
906123144,NA,NA
906123145,NA,NA
906123174,NA,NA
906123192,147.652893225716,240
906123193,147.652893225716,240
906123194,NA,NA
906123195,NA,NA
906123212,NA,NA
906123213,157.704799711296,330
906123227,NA,NA
906123231,NA,NA
906123232,NA,NA
906123233,NA,NA
906123256,NA,NA
906123283,130.010834236186,191
906123284,150.02406159769,244
906123286,157.389635316699,353
906123287,NA,NA
906123288,NA,NA
906123348,NA,NA
906123349,NA,NA
906123350,NA,NA
906123351,NA,NA
906123354,150.02406159769,244
906123417,132.049739269956,203
906123418,148.277383387478,197
906123423,NA,NA
906123425,NA,NA
906123463,NA,NA
906123481,134.440300004011,303
906123482,155.600994306792,344
906123483,NA,NA
906123485,139.924625130302,268
906123486,136.332733453309,208
906123487,160.657051282051,342
906123495,143.217893217893,299
906123496,143.217893217893,299
906123497,163.09924643258,350
906123498,152.50911129801,234
906123578,NA,NA
906123579,NA,NA
906123580,NA,NA
906123581,NA,NA
906123582,NA,NA
906123583,139.377157075207,208
906123592,132.829071116981,255
906123620,150.206503869441,293
906123621,160.657051282051,342
906123622,152.50911129801,234
906123623,152.50911129801,234
906123648,NA,NA
906123663,139.377157075207,208
906123664,122.663457681508,173
906123665,NA,NA
906123718,NA,NA
906123719,123.199743250291,198
906123720,NA,NA
906123731,NA,NA
906123732,NA,NA
906123734,NA,NA
906123742,123.199743250291,198
906123743,NA,NA
906123748,138.414683016751,211
906123749,138.414683016751,211
906123821,NA,NA
906123822,132.137554672766,202
906123823,NA,NA
906123824,130.410342889264,257
906123847,NA,NA
906123848,NA,NA
906123849,NA,NA
906123850,NA,NA
906123861,NA,NA
906123862,NA,NA
906123863,NA,NA
906123864,NA,NA
906123865,NA,NA
906123866,NA,NA
906123867,NA,NA
906123868,NA,NA
906123881,NA,NA
906123882,NA,NA
906123883,NA,NA
906123884,143.749249429566,282
906123885,143.636655432515,280
906123890,147.934447249269,211
906123892,NA,NA
906123893,NA,NA
906123896,143.217893217893,299
906123897,109.053002966883,165
906123903,152.50911129801,234
906123904,NA,NA
906123905,NA,NA
906123906,NA,NA
906123907,NA,NA
906123925,NA,NA
906123959,NA,NA
906123960,NA,NA
906123961,NA,NA
906123982,NA,NA
906123983,NA,NA
906124002,NA,NA
906124003,NA,NA
906124004,NA,NA
906124005,NA,NA
906124021,NA,NA
906124022,NA,NA
906124023,NA,NA
906124024,NA,NA
906124025,NA,NA
906124026,NA,NA
906124027,136.001281897208,321
906124030,114.345281052041,266
906124031,132.049739269956,203
906124045,NA,NA
906124065,NA,NA
906124066,NA,NA
906124076,127.085338466474,183
906124081,NA,NA
906124082,130.410342889264,257
906124083,130.410342889264,257
906124088,141.849089888541,220
906124089,141.849089888541,220
906124098,NA,NA
906124099,NA,NA
906124100,NA,NA
906124130,139.052661131833,277
906124134,NA,NA
906124135,NA,NA
906124136,120.963855421687,270
906124144,NA,NA
906124145,NA,NA
906124184,NA,NA
906124185,NA,NA
906124188,119.491559404948,158
906124189,152.50911129801,234
906124190,134.401477733606,202
906124191,152.50911129801,234
906124194,NA,NA
906124195,NA,NA
906124196,NA,NA
906124201,120.963855421687,270
906124202,132.829071116981,255
906124203,139.052661131833,277
906124204,NA,NA
906124205,NA,NA
906124206,NA,NA
906124207,NA,NA
906124208,NA,NA
906124209,NA,NA
906124216,125.671881267549,250
906124217,127.467501203659,206
906124218,144.025989652268,237
906124219,144.025989652268,237
906124220,134.866177119698,301
906124227,132.651423987164,202
906124232,144.7357870259,282
906124233,144.7357870259,282
906124234,144.7357870259,282
906124261,NA,NA
906124262,NA,NA
906124263,NA,NA
906124267,143.636655432515,280
906124268,143.636655432515,280
906124269,143.636655432515,280
906124277,146.904217326753,255
906124278,NA,NA
906124279,NA,NA
906124289,NA,NA
906124299,137.634926367321,240
906124304,138.244602010976,313
906124305,134.866177119698,301
906124306,127.467501203659,206
906124307,134.866177119698,301
906124315,NA,NA
906124316,125.671881267549,250
906124317,125.671881267549,250
906124318,125.671881267549,250
906124333,NA,NA
906124334,NA,NA
906124335,NA,NA
906124336,150.206503869441,293
906124346,163.09924643258,350
906124347,136.332733453309,208
906124348,136.332733453309,208
906124349,119.491559404948,158
906124350,119.491559404948,158
906124367,157.389635316699,353
906124368,NA,NA
906124378,NA,NA
906124379,NA,NA
906124380,NA,NA
906124381,157.389635316699,353
906124387,NA,NA
906124388,NA,NA
906124389,NA,NA
906124390,NA,NA
906124396,NA,NA
906124398,NA,NA
906124399,NA,NA
906124400,NA,NA
906124401,NA,NA
906124408,NA,NA
906124409,NA,NA
906124410,NA,NA
906124414,NA,NA
906124415,NA,NA
906124421,NA,NA
906124422,NA,NA
906124424,130.523780854907,231
906124427,141.246338429437,311
906124428,141.246338429437,311
906124429,126.384207992297,180
906124442,NA,NA
906124443,NA,NA
906124444,NA,NA
906124445,NA,NA
906124446,NA,NA
906124449,NA,NA
906124450,NA,NA
906124469,NA,NA
906124470,NA,NA
906124505,NA,NA
906124507,NA,NA
906124508,NA,NA
906124514,151.577173127859,302
906124515,151.577173127859,302
906124529,126.947882866643,182
906124530,121.661244326626,192
906124571,144.025989652268,237
906124572,144.025989652268,237
906124573,144.025989652268,237
906124602,137.490970382856,212
906124649,NA,NA
906124650,NA,NA
906124651,148.277383387478,197
906124652,148.277383387478,197
906124654,126.384207992297,180
906124657,120.963855421687,270
906124674,NA,NA
906124675,130.410342889264,257
906124676,130.410342889264,257
906124680,141.849089888541,220
906124763,138.244602010976,313
906124766,NA,NA
906124772,138.414683016751,211
906124773,138.414683016751,211
906124774,NA,NA
906124775,NA,NA
906124782,NA,NA
906124803,NA,NA
906124804,NA,NA
906124824,NA,NA
906124836,NA,NA
906124837,NA,NA
906124840,134.866177119698,301
906124847,157.704799711296,330
906124848,NA,NA
906124849,138.244602010976,313
906124850,138.244602010976,313
906124886,159.020670278948,342
906124887,141.69877970456,236
906124914,135.694277711084,219
906124921,159.020670278948,342
906124925,NA,NA
906124926,138.414683016751,211
906124927,NA,NA
906124928,141.69877970456,236
906124929,113.810382842253,183
906124989,141.69877970456,236
906124990,141.69877970456,236
906124993,138.414683016751,211
906124994,138.414683016751,211
906125010,NA,NA
906125029,157.742750571532,342
906125038,159.020670278948,342
906125039,131.184347686633,200
906125068,139.052661131833,277
906125084,152.50911129801,234
906125085,134.401477733606,202
906125086,152.50911129801,234
906125087,152.50911129801,234
906125140,126.947882866643,182
906125141,126.947882866643,182
906125142,160.415163901579,352
906125143,NA,NA
906125144,141.946349091784,287
906125145,141.946349091784,287
906125175,144.081371135672,191
906125183,126.947882866643,182
906125184,110.469777136444,170
906125189,NA,NA
906125196,121.661244326626,192
906125235,NA,NA
906125239,NA,NA
906125240,NA,NA
906125241,144.081371135672,191
906125264,NA,NA
906125265,NA,NA
906125266,NA,NA
906125267,NA,NA
906125268,NA,NA
906125271,NA,NA
906125272,144.081371135672,191
906125321,NA,NA
906125322,NA,NA
906125344,134.866177119698,301
906125345,151.322115384615,287
906125346,151.322115384615,287
906125347,NA,NA
906125348,157.704799711296,330
906125349,157.704799711296,330
906125350,NA,NA
906125351,NA,NA
906125352,138.244602010976,313
906125356,NA,NA
906125364,122.663457681508,173
906125365,107.661452065784,229
906125380,NA,NA
906125381,NA,NA
906125382,157.389635316699,353
906125414,NA,NA
906125415,NA,NA
906125416,127.217272654306,209
906125420,NA,NA
906125421,NA,NA
906125440,NA,NA
906125441,146.904217326753,255
906125462,138.414683016751,211
906125465,NA,NA
906125480,107.661452065784,229
906125481,NA,NA
906125491,NA,NA
906125492,NA,NA
906125493,127.085338466474,183
906125494,129.54053403897,181
906125499,NA,NA
906125533,NA,NA
906125549,NA,NA
906125550,NA,NA
906125551,121.661244326626,192
906125561,NA,NA
906125582,144.7357870259,282
906125583,144.7357870259,282
906125584,144.7357870259,282
906125585,157.742750571532,342
906125586,157.742750571532,342
906125588,157.742750571532,342
906125595,137.490970382856,212
906125618,NA,NA
906125619,NA,NA
906125634,NA,NA
906125644,NA,NA
906125645,NA,NA
906125651,125.671881267549,250
906125652,127.467501203659,206
906125653,144.025989652268,237
906125654,NA,NA
906125666,130.410342889264,257
906125701,NA,NA
906125713,157.389635316699,353
906125730,NA,NA
906125755,118.288624243153,253
906125756,NA,NA
906125771,NA,NA
906125772,137.634926367321,240
906125828,NA,NA
906125848,NA,NA
906125849,NA,NA
906125850,146.904217326753,255
906125886,NA,NA
906125887,157.389635316699,353
906125888,NA,NA
906125896,NA,NA
906125916,NA,NA
906125951,NA,NA
906125952,NA,NA
906125953,139.377157075207,208
906125959,159.020670278948,342
906125960,138.414683016751,211
906126031,NA,NA
906126032,139.052661131833,277
906126045,138.244602010976,313
906126046,NA,NA
906126047,NA,NA
906126054,138.244602010976,313
906126055,134.866177119698,301
906126056,NA,NA
906126057,NA,NA
906126078,119.757838184588,261
906126079,NA,NA
906126085,NA,NA
906126086,147.934447249269,211
906126087,143.749249429566,282
906126088,143.636655432515,280
906126089,143.636655432515,280
906126094,NA,NA
906126103,152.50911129801,234
906126108,NA,NA
906126138,132.829071116981,255
906126139,139.052661131833,277
906126140,NA,NA
906126159,144.081371135672,191
906126180,159.020670278948,342
906126223,136.001281897208,321
906126224,114.345281052041,266
906126225,114.345281052041,266
906126226,132.049739269956,203
906126261,137.490970382856,212
906126270,144.7357870259,282
906126289,157.742750571532,342
906126310,135.322664741507,290
906126332,NA,NA
906126333,NA,NA
906126336,157.389635316699,353
906126339,130.010834236186,191
906126340,135.207657495294,192
906126350,127.217272654306,209
906126353,151.577173127859,302
906126356,NA,NA
906126357,NA,NA
906126377,129.54053403897,181
906126379,NA,NA
906126380,NA,NA
906126381,NA,NA
906126382,NA,NA
906126383,NA,NA
906126412,159.020670278948,342
906126413,159.020670278948,342
906126414,131.184347686633,200
906126417,NA,NA
906126418,NA,NA
906126430,157.742750571532,342
906126431,157.742750571532,342
906126448,144.7357870259,282
906126457,143.749249429566,282
906126519,NA,NA
906126520,NA,NA
906126521,NA,NA
906126522,NA,NA
906126523,NA,NA
906126524,NA,NA
906126525,NA,NA
906126526,NA,NA
906126527,NA,NA
906126528,NA,NA
906126600,NA,NA
906126601,NA,NA
906126606,NA,NA
906126607,NA,NA
906126608,NA,NA
906126609,NA,NA
906126616,NA,NA
906126617,NA,NA
906126618,NA,NA
906126619,NA,NA
906126631,NA,NA
906126640,119.757838184588,261
906126641,119.757838184588,261
906126642,NA,NA
906126643,159.753116107571,348
906126644,159.753116107571,348
906126645,159.753116107571,348
906126646,NA,NA
906126660,NA,NA
906126661,NA,NA
906126662,NA,NA
906126663,NA,NA
906126664,NA,NA
906126674,NA,NA
906126675,NA,NA
906126702,144.081371135672,191
906126703,121.661244326626,192
906126753,138.414683016751,211
906126754,NA,NA
906126804,122.663457681508,173
906126805,122.663457681508,173
906126810,151.322115384615,287
906126811,NA,NA
906126812,159.67127680898,345
906126813,138.244602010976,313
906126829,104.76534006653,239
906126830,136.001281897208,321
906126845,NA,NA
906126852,143.749249429566,282
906126853,143.749249429566,282
906126864,147.934447249269,211
906126865,NA,NA
906126872,147.652893225716,240
906126873,NA,NA
906126876,147.652893225716,240
906126877,NA,NA
906126898,NA,NA
906126899,130.410342889264,257
906126938,NA,NA
906126956,146.904217326753,255
906127008,NA,NA
906127028,119.491559404948,158
906127038,NA,NA
906127097,130.410342889264,257
906127116,NA,NA
906127117,143.749249429566,282
906127118,143.749249429566,282
906127122,NA,NA
906127193,113.810382842253,183
906127231,NA,NA
906127232,NA,NA
906127243,NA,NA
906127255,NA,NA
906127256,146.904217326753,255
906127257,NA,NA
906127265,130.523780854907,231
906127275,NA,NA
906127276,NA,NA
906127277,NA,NA
906127278,148.277383387478,197
906127279,148.277383387478,197
906127282,104.76534006653,239
906127303,144.025989652268,237
906127330,NA,NA
906127331,122.663457681508,173
906127359,NA,NA
906127365,NA,NA
906127389,157.742750571532,342
906127408,NA,NA
906127449,109.053002966883,165
906127450,NA,NA
906127451,163.09924643258,350
906127462,127.217272654306,209
906127463,127.217272654306,209
906127468,NA,NA
906127469,127.217272654306,209
906127491,NA,NA
906127543,135.207657495294,192
906127549,NA,NA
906127567,NA,NA
906127582,NA,NA
906127583,NA,NA
906127592,NA,NA
906127593,148.277383387478,197
906127594,148.277383387478,197
906127595,136.001281897208,321
906127629,130.410342889264,257
906127639,132.651423987164,202
906127640,134.866177119698,301
906127658,NA,NA
906127660,120.963855421687,270
906127690,118.288624243153,253
906127691,146.904217326753,255
906127729,157.389635316699,353
906127730,150.02406159769,244
906127739,132.137554672766,202
906127758,143.217893217893,299
906127759,139.924625130302,268
906127786,NA,NA
906127800,139.377157075207,208
906127824,157.389635316699,353
906127839,NA,NA
906127840,NA,NA
906127841,NA,NA
906127902,NA,NA
906127903,NA,NA
906127963,NA,NA
906127980,NA,NA
906127981,NA,NA
906128001,NA,NA
906128002,NA,NA
906128013,NA,NA
906128014,127.217272654306,209
906128046,NA,NA
906128047,130.523780854907,231
906128059,135.207657495294,192
906128097,NA,NA
906128107,NA,NA
906128108,NA,NA
906128109,NA,NA
906128110,NA,NA
906128156,NA,NA
906128157,NA,NA
906128158,145.763254845427,326
906128173,NA,NA
906128176,NA,NA
906128177,141.849089888541,220
906128178,NA,NA
906128210,NA,NA
906128211,NA,NA
906128212,NA,NA
906128213,NA,NA
906128214,NA,NA
906128234,144.043321299639,204
906128258,NA,NA
906128280,NA,NA
906128281,NA,NA
906128310,120.963855421687,270
906128311,132.829071116981,255
906128312,NA,NA
906128352,136.001281897208,321
906128353,136.001281897208,321
906128354,114.345281052041,266
906128355,132.049739269956,203
906128356,141.246338429437,311
906128357,141.246338429437,311
906128379,NA,NA
906128394,118.288624243153,253
906128407,NA,NA
906128408,NA,NA
906128420,139.052661131833,277
906128421,NA,NA
906128440,119.491559404948,158
906128441,163.09924643258,350
906128447,NA,NA
906128448,163.09924643258,350
906128449,NA,NA
906128450,143.217893217893,299
906128451,143.217893217893,299
906128452,NA,NA
906128463,160.415163901579,352
906128464,126.947882866643,182
906128499,125.671881267549,250
906128500,144.025989652268,237
906128501,159.67127680898,345
906128510,157.704799711296,330
906128553,NA,NA
906128554,NA,NA
906128581,144.043321299639,204
906128582,136.001281897208,321
906128583,132.049739269956,203
906128584,132.049739269956,203
906128591,136.332733453309,208
906128592,NA,NA
906128593,152.50911129801,234
906128603,163.09924643258,350
906128604,119.491559404948,158
906128605,150.206503869441,293
906128610,157.704799711296,330
906128611,144.025989652268,237
906128621,NA,NA
906128635,NA,NA
906128639,NA,NA
906128657,NA,NA
906128658,NA,NA
906128672,NA,NA
906128673,NA,NA
906128674,NA,NA
906128683,NA,NA
906128706,144.025989652268,237
906128707,NA,NA
906128708,NA,NA
906128709,NA,NA
906128755,NA,NA
906128756,NA,NA
906128757,NA,NA
906128774,NA,NA
906128775,152.50911129801,234
906128787,152.50911129801,234
906128788,139.924625130302,268
906128802,144.043321299639,204
906128803,148.277383387478,197
906128812,NA,NA
906128813,NA,NA
906128846,157.704799711296,330
906128847,157.704799711296,330
906128848,134.866177119698,301
906128859,139.377157075207,208
906128886,NA,NA
906128891,119.757838184588,261
906128892,119.757838184588,261
906128893,159.753116107571,348
906128920,NA,NA
906128921,NA,NA
906128922,NA,NA
906128924,NA,NA
906128925,NA,NA
906128963,NA,NA
906128970,134.866177119698,301
906128971,134.866177119698,301
906128972,144.025989652268,237
906128973,138.244602010976,313
906128974,138.244602010976,313
906128975,127.467501203659,206
906128992,122.663457681508,173
906128993,127.085338466474,183
906129015,159.753116107571,348
906129016,147.934447249269,211
906129020,NA,NA
906129021,143.636655432515,280
906129038,NA,NA
906129040,NA,NA
906129041,150.206503869441,293
906129042,139.924625130302,268
906129043,NA,NA
906129044,NA,NA
906129076,NA,NA
906129092,NA,NA
906129182,NA,NA
906129196,NA,NA
906129197,NA,NA
906129210,NA,NA
906129214,NA,NA
906129222,NA,NA
906129223,NA,NA
906129224,NA,NA
906129225,NA,NA
906129228,157.704799711296,330
906129229,138.244602010976,313
906129264,NA,NA
906129265,NA,NA
906129283,NA,NA
906129284,NA,NA
906129285,150.206503869441,293
906129286,150.206503869441,293
906129287,139.924625130302,268
906129294,NA,NA
906129295,NA,NA
906129296,107.661452065784,229
906129297,107.661452065784,229
906129298,NA,NA
906129299,NA,NA
906129309,NA,NA
906129321,NA,NA
906129349,NA,NA
906129350,NA,NA
906129370,NA,NA
906129398,113.810382842253,183
906129399,159.020670278948,342
906129400,131.184347686633,200
906129401,NA,NA
906129402,NA,NA
906129427,137.490970382856,212
906129436,NA,NA
906129437,NA,NA
906129442,NA,NA
906129443,NA,NA
906129444,NA,NA
906129446,144.081371135672,191
906129460,137.490970382856,212
906129461,157.742750571532,342
906129462,NA,NA
906129474,NA,NA
906129475,NA,NA
906129476,NA,NA
906129483,NA,NA
906129486,148.277383387478,197
906129487,NA,NA
906129491,NA,NA
906129492,NA,NA
906129493,141.246338429437,311
906129506,NA,NA
906129531,NA,NA
906129532,NA,NA
906129533,NA,NA
906129534,NA,NA
906129535,NA,NA
906129536,NA,NA
906129537,NA,NA
906129538,NA,NA
906129539,NA,NA
906129543,136.332733453309,208
906129544,NA,NA
906129583,130.010834236186,191
906129584,135.207657495294,192
906129592,NA,NA
906129593,NA,NA
906129663,NA,NA
906129676,NA,NA
906129677,137.490970382856,212
906129732,109.053002966883,165
906129733,143.749249429566,282
906129734,143.636655432515,280
906129749,152.50911129801,234
906129750,109.053002966883,165
906129751,NA,NA
906129752,NA,NA
906129753,NA,NA
906129764,121.661244326626,192
906129765,NA,NA
906129766,NA,NA
906129767,NA,NA
906129768,NA,NA
906129769,NA,NA
906129772,NA,NA
906129773,NA,NA
906129774,NA,NA
906129775,NA,NA
906129780,NA,NA
906129781,NA,NA
906129782,NA,NA
906129788,137.490970382856,212
906129789,157.742750571532,342
906129808,NA,NA
906129863,130.010834236186,191
906129903,NA,NA
906129906,NA,NA
906129907,NA,NA
906129929,NA,NA
906129936,NA,NA
906129937,NA,NA
906129938,126.384207992297,180
906129939,114.345281052041,266
906129952,163.09924643258,350
906129953,134.401477733606,202
906129954,152.50911129801,234
906129955,NA,NA
906129956,150.206503869441,293
906129957,NA,NA
906129958,NA,NA
906129959,NA,NA
906129960,125.671881267549,250
906129961,134.866177119698,301
906129962,127.467501203659,206
906129990,NA,NA
906129991,NA,NA
906130070,NA,NA
906130074,NA,NA
906130089,NA,NA
906130098,NA,NA
906130139,NA,NA
906130145,NA,NA
906130164,132.049739269956,203
906130165,148.277383387478,197
906130166,NA,NA
906130168,144.043321299639,204
906130169,148.277383387478,197
906130170,NA,NA
906130171,NA,NA
906130172,NA,NA
906130205,NA,NA
906130206,NA,NA
906130237,NA,NA
906130238,NA,NA
906130263,159.020670278948,342
906130264,NA,NA
906130268,NA,NA
906130269,NA,NA
906130334,NA,NA
906130339,NA,NA
906130340,NA,NA
906130353,NA,NA
906130364,NA,NA
906130365,NA,NA
906130366,NA,NA
906130367,NA,NA
906130414,NA,NA
906130416,NA,NA
906130417,NA,NA
906130418,NA,NA
906130440,NA,NA
906130441,NA,NA
906130442,NA,NA
906130507,NA,NA
906130508,NA,NA
906130509,NA,NA
906130552,NA,NA
906130553,NA,NA
906130554,NA,NA
906130558,NA,NA
906130559,NA,NA
906130560,NA,NA
906130633,NA,NA
906130634,NA,NA
906130642,NA,NA
906130656,160.415163901579,352
906130657,NA,NA
906130658,NA,NA
906130659,NA,NA
906130666,121.661244326626,192
906130667,121.661244326626,192
906130668,121.661244326626,192
906130688,NA,NA
906130689,NA,NA
906130690,137.490970382856,212
906130691,137.490970382856,212
906130692,157.742750571532,342
906130712,NA,NA
906130713,NA,NA
906130714,NA,NA
906130746,127.085338466474,183
906130747,129.54053403897,181
906130780,NA,NA
906130781,137.490970382856,212
906130783,157.742750571532,342
906130788,144.7357870259,282
906130789,144.7357870259,282
906130801,118.767035433702,253
906130810,NA,NA
906130811,NA,NA
906130812,132.049739269956,203
906130813,141.246338429437,311
906130814,141.246338429437,311
906130869,130.010834236186,191
906130870,150.02406159769,244
906130889,120.963855421687,270
906130944,NA,NA
906130951,132.137554672766,202
906130987,NA,NA
906131070,NA,NA
906131071,NA,NA
906131099,141.849089888541,220
906131106,NA,NA
906131107,NA,NA
906131123,NA,NA
906131124,127.217272654306,209
906131149,NA,NA
906131166,NA,NA
906131167,147.652893225716,240
906131175,NA,NA
906131184,NA,NA
906131212,NA,NA
906131213,NA,NA
906131214,147.652893225716,240
906131215,NA,NA
906131263,NA,NA
906131264,NA,NA
906131265,NA,NA
906131266,NA,NA
906131267,NA,NA
906131268,NA,NA
906131269,147.652893225716,240
906131301,NA,NA
906131302,NA,NA
906131303,NA,NA
906131304,NA,NA
906131305,NA,NA
906131306,NA,NA
906131307,147.652893225716,240
906131326,127.085338466474,183
906131360,NA,NA
906131363,NA,NA
906131389,NA,NA
906131390,NA,NA
906131399,NA,NA
906131416,143.636655432515,280
906131417,143.749249429566,282
906131443,126.73966229495,256
906131444,119.491559404948,158
906131445,163.09924643258,350
906131446,139.924625130302,268
906131447,136.332733453309,208
906131475,NA,NA
906131483,NA,NA
906131484,NA,NA
906131511,132.829071116981,255
906131512,139.052661131833,277
906131513,NA,NA
906131514,NA,NA
906131522,144.043321299639,204
906131525,136.001281897208,321
906131567,NA,NA
906131568,NA,NA
906131569,NA,NA
906131570,NA,NA
906131587,NA,NA
906131596,NA,NA
906131600,NA,NA
906131601,NA,NA
906131632,NA,NA
906131639,NA,NA
906131640,NA,NA
906131641,NA,NA
906131658,NA,NA
906131659,NA,NA
906131660,NA,NA
906131661,NA,NA
906131662,NA,NA
906131686,NA,NA
906131687,NA,NA
906131723,136.001281897208,321
906131724,136.001281897208,321
906131781,NA,NA
906131782,NA,NA
906131783,NA,NA
906131809,143.636655432515,280
906131813,NA,NA
906131838,145.763254845427,326
906131882,152.50911129801,234
906131883,152.50911129801,234
906131884,139.924625130302,268
906131885,NA,NA
906131886,NA,NA
906131900,145.763254845427,326
906131901,NA,NA
906131908,NA,NA
906131936,NA,NA
906131937,114.345281052041,266
906131938,144.043321299639,204
906131939,144.043321299639,204
906131978,NA,NA
906132019,NA,NA
906132020,NA,NA
906132029,NA,NA
906132030,NA,NA
906132037,NA,NA
906132038,NA,NA
906132039,NA,NA
906132049,NA,NA
906132050,NA,NA
906132078,NA,NA
906132097,NA,NA
906132098,NA,NA
906132099,NA,NA
906132100,NA,NA
906132158,NA,NA
906132170,144.7357870259,282
906132179,NA,NA
906132181,137.490970382856,212
906132182,157.742750571532,342
906132183,144.7357870259,282
906132220,NA,NA
906132236,135.207657495294,192
906132237,130.010834236186,191
906132238,NA,NA
906132263,109.053002966883,165
906132272,NA,NA
906132273,150.206503869441,293
906132274,139.924625130302,268
906132286,144.043321299639,204
906132287,NA,NA
906132288,NA,NA
906132289,NA,NA
906132290,NA,NA
906132305,159.753116107571,348
906132306,NA,NA
906132340,130.410342889264,257
906132361,NA,NA
906132362,NA,NA
906132363,120.963855421687,270
906132364,132.829071116981,255
906132365,NA,NA
906132366,NA,NA
906132379,107.661452065784,229
906132380,127.085338466474,183
906132381,NA,NA
906132408,NA,NA
906132409,NA,NA
906132432,NA,NA
906132433,NA,NA
906132455,NA,NA
906132456,NA,NA
906132489,144.025989652268,237
906132515,NA,NA
906132516,NA,NA
906132533,NA,NA
906132534,NA,NA
906132552,NA,NA
906132553,NA,NA
906132566,NA,NA
906132625,NA,NA
906132633,110.469777136444,170
906132694,NA,NA
906132695,NA,NA
906132701,NA,NA
906132702,NA,NA
906132715,NA,NA
906132723,159.020670278948,342
906132724,135.694277711084,219
906132740,121.661244326626,192
906132741,NA,NA
906132742,NA,NA
906132744,NA,NA
906132792,104.76534006653,239
906132793,NA,NA
906132806,135.207657495294,192
906132807,135.207657495294,192
906132856,NA,NA
906132864,139.924625130302,268
906132865,NA,NA
906132866,NA,NA
906132867,NA,NA
906132868,NA,NA
906132869,NA,NA
906132900,NA,NA
906132901,139.377157075207,208
906132915,NA,NA
906132936,145.763254845427,326
906132960,NA,NA
906133001,110.469777136444,170
906133002,NA,NA
906133079,NA,NA
906133162,NA,NA
906133176,127.217272654306,209
906133177,151.577173127859,302
906133178,NA,NA
906133183,NA,NA
906133184,147.652893225716,240
906133217,NA,NA
906133233,136.332733453309,208
906133234,152.50911129801,234
906133235,152.50911129801,234
906133236,152.50911129801,234
906133237,NA,NA
906133247,NA,NA
906133248,NA,NA
906133266,NA,NA
906133267,NA,NA
906133268,NA,NA
906133275,NA,NA
906133276,NA,NA
906133336,NA,NA
906133350,NA,NA
906133351,NA,NA
906133362,NA,NA
906133372,NA,NA
906133490,NA,NA
906133497,NA,NA
906133515,NA,NA
906133516,136.001281897208,321
906133517,141.246338429437,311
906133645,NA,NA
906133689,NA,NA
906133690,NA,NA
906133743,159.020670278948,342
906133752,NA,NA
906133813,NA,NA
906133814,NA,NA
906133815,137.490970382856,212
906133816,157.742750571532,342
906133836,107.661452065784,229
906133857,NA,NA
906133858,NA,NA
906133859,NA,NA
906133860,NA,NA
906133861,NA,NA
906133945,NA,NA
906133946,NA,NA
906133947,NA,NA
906133984,NA,NA
906133985,NA,NA
906134042,NA,NA
906134043,NA,NA
906134044,NA,NA
906134062,NA,NA
906134128,NA,NA
906134231,NA,NA
906134232,NA,NA
906134233,NA,NA
906134234,NA,NA
906134235,NA,NA
906134254,NA,NA
906134339,129.54053403897,181
906134340,NA,NA
906134363,137.490970382856,212
906134364,144.7357870259,282
906134376,144.7357870259,282
906134394,NA,NA
906134424,NA,NA
906134425,NA,NA
906134426,NA,NA
906134465,157.742750571532,342
906134466,157.742750571532,342
906134500,NA,NA
906134690,NA,NA
906134691,NA,NA
906134698,157.742750571532,342
906134757,NA,NA
906134834,NA,NA
906134835,NA,NA
906134904,NA,NA
906135270,144.7357870259,282
906135271,144.7357870259,282
906135372,119.757838184588,261
906135373,NA,NA
906135407,157.389635316699,353
906135408,NA,NA
906135450,139.052661131833,277
906135451,NA,NA
906135452,NA,NA
906135463,127.085338466474,183
906135464,129.54053403897,181
906135465,134.440300004011,303
906135466,155.600994306792,344
906135467,107.661452065784,229
906135469,134.440300004011,303
906135470,134.440300004011,303
906135514,123.199743250291,198
906135515,NA,NA
906135560,135.207657495294,192
906135607,NA,NA
906135608,NA,NA
906135643,119.757838184588,261
906135644,NA,NA
906135645,NA,NA
906135646,NA,NA
906135647,NA,NA
906135671,138.244602010976,313
906135687,150.02406159769,244
906135777,132.049739269956,203
906135778,114.345281052041,266
906135779,114.345281052041,266
906135828,NA,NA
906135829,120.963855421687,270
906135830,139.052661131833,277
906135850,127.217272654306,209
906135912,130.010834236186,191
906135967,151.322115384615,287
906135968,NA,NA
906135969,NA,NA
906136186,134.401477733606,202
906136187,160.657051282051,342
906136188,143.217893217893,299
906136189,143.217893217893,299
906136192,152.50911129801,234
906136355,NA,NA
906136467,NA,NA
906136592,NA,NA
906136884,136.001281897208,321
906136910,NA,NA
906136911,NA,NA
906136915,NA,NA
906136928,NA,NA
906136929,NA,NA
906137006,NA,NA
906137007,NA,NA
906137120,NA,NA
906137149,NA,NA
906137316,NA,NA
906137317,NA,NA
906137318,NA,NA
906137459,NA,NA
906137460,NA,NA
906137461,NA,NA
906137462,NA,NA
906137559,126.947882866643,182
906137563,NA,NA
906137564,NA,NA
906137565,121.661244326626,192
906137607,NA,NA
906137608,NA,NA
906137609,NA,NA
906138015,NA,NA
906138021,144.7357870259,282
906138828,147.652893225716,240
906138859,NA,NA
906138860,147.934447249269,211
906138861,NA,NA
906138862,143.749249429566,282
906138864,NA,NA
906138998,157.742750571532,342
906139191,137.490970382856,212
906139487,NA,NA
906139496,NA,NA
906139497,NA,NA
906139520,144.7357870259,282
906139521,144.7357870259,282
906139655,147.652893225716,240
906139661,147.652893225716,240
906139693,141.849089888541,220
906139694,NA,NA
906139745,121.661244326626,192
906139748,160.415163901579,352
906139749,160.415163901579,352
906139750,NA,NA
906139751,141.946349091784,287
906139752,144.081371135672,191
906139753,NA,NA
906139754,NA,NA
906139807,NA,NA
906139826,115.6961822265,245
906139827,118.288624243153,253
906139833,NA,NA
906139834,NA,NA
906139866,130.410342889264,257
906139881,135.322664741507,290
906140080,157.389635316699,353
906140081,135.207657495294,192
906140345,NA,NA
906140346,123.199743250291,198
906140356,137.634926367321,240
906140402,NA,NA
906140469,NA,NA
906140470,120.963855421687,270
906140471,139.052661131833,277
906140472,NA,NA
906140589,136.001281897208,321
906140590,136.001281897208,321
906140591,132.049739269956,203
906140596,NA,NA
906140634,136.332733453309,208
906140635,119.491559404948,158
906140636,NA,NA
906140637,150.206503869441,293
906140651,139.377157075207,208
906140671,NA,NA
906140862,152.50911129801,234
906140863,136.332733453309,208
906140864,NA,NA
906141137,NA,NA
906141883,NA,NA
906141884,NA,NA
906141891,NA,NA
906141923,NA,NA
906141924,NA,NA
906141933,NA,NA
906141934,NA,NA
906141935,NA,NA
906142343,NA,NA
906142344,NA,NA
906142384,NA,NA
906143212,143.636655432515,280
906143222,125.671881267549,250
906143223,138.244602010976,313
906143224,134.866177119698,301
906143259,NA,NA
906143260,NA,NA
906143320,NA,NA
906143337,NA,NA
906143338,121.661244326626,192
906143339,121.661244326626,192
906143340,121.661244326626,192
906143359,NA,NA
906143360,NA,NA
906143373,NA,NA
906143374,NA,NA
906143375,NA,NA
906143392,NA,NA
906143393,NA,NA
906143394,NA,NA
906143395,NA,NA
906143417,NA,NA
906143437,NA,NA
906143511,NA,NA
906143512,NA,NA
906143525,NA,NA
906143557,NA,NA
906143558,NA,NA
906143583,148.277383387478,197
906143584,NA,NA
906143585,NA,NA
906143586,NA,NA
906143587,NA,NA
906143588,NA,NA
906143876,145.763254845427,326
906143877,NA,NA
906143908,147.652893225716,240
906144075,NA,NA
906144087,129.54053403897,181
906144088,NA,NA
906144089,107.661452065784,229
906144090,NA,NA
906144091,NA,NA
906144213,127.467501203659,206
906144214,NA,NA
906144231,NA,NA
906144294,NA,NA
906144295,145.763254845427,326
906144322,NA,NA
906144323,NA,NA
906144341,151.577173127859,302
906144342,NA,NA
906144343,NA,NA
906144344,NA,NA
906144351,NA,NA
906144352,NA,NA
906144366,135.207657495294,192
906144368,NA,NA
906144463,NA,NA
906144464,NA,NA
906144515,139.052661131833,277
906144516,NA,NA
906144524,NA,NA
906144585,132.049739269956,203
906144586,NA,NA
906144593,NA,NA
906144594,NA,NA
906144595,NA,NA
906144635,NA,NA
906144636,NA,NA
906144637,NA,NA
906144666,NA,NA
906144801,NA,NA
906144802,NA,NA
906144845,NA,NA
906144904,NA,NA
906144921,NA,NA
906144924,NA,NA
906144936,NA,NA
906145006,NA,NA
906145104,NA,NA
906145105,NA,NA
906145429,NA,NA
906145430,NA,NA
906145431,NA,NA
906145521,NA,NA
906145564,NA,NA
906145603,137.490970382856,212
906146392,NA,NA
906146393,NA,NA
906146394,NA,NA
906146424,159.020670278948,342
906146425,159.020670278948,342
906146426,NA,NA
906146438,NA,NA
906146439,NA,NA
906146454,NA,NA
906146455,NA,NA
906146456,NA,NA
906146457,NA,NA
906146491,NA,NA
906146492,NA,NA
906147020,157.742750571532,342
906147021,NA,NA
906147186,138.414683016751,211
906147187,113.810382842253,183
906150511,NA,NA
906150524,144.043321299639,204
906150617,NA,NA
906154328,127.217272654306,209
906156292,157.742750571532,342
906158389,141.69877970456,236
906158559,130.523780854907,231
