"record_id","ndvi"
905988587,0.121406411582213
905992285,0.121406411582213
905992924,0.121406411582213
905992956,0.121406411582213
905992957,0.121406411582213
905993719,0.121406411582213
905993780,0.121406411582213
905993853,0.121406411582213
905998169,0.121406411582213
905999656,0.121406411582213
906001300,0.121406411582213
906010049,0.121406411582213
906010050,0.121406411582213
906021294,0.121406411582213
906026040,0.562672556598564
906026335,0.121406411582213
906026897,0.121406411582213
906029661,0.562672556598564
906031121,0.617679212868968
906031192,0.653789874158619
906032416,0.653789874158619
906032434,0.562672556598564
906033099,0.562672556598564
906033549,0.562672556598564
906034690,0.40464308960729
906036162,0.562672556598564
906037064,0.524209683873549
906037065,0.524209683873549
906037220,0.653789874158619
906037244,0.653789874158619
906037432,0.40464308960729
906037433,0.40464308960729
906037434,0.581929006812478
906037435,0.581929006812478
906037587,0.581929006812478
906037588,0.581929006812478
906037722,0.40464308960729
906037957,0.587083476468568
906037958,0.416763950501985
906038309,0.562672556598564
906038310,0.46031746031746
906038340,0.456712390375534
906038646,0.524209683873549
906038647,0.524209683873549
906039027,0.40464308960729
906039088,0.587083476468568
906039104,0.544569574346249
906039325,0.587083476468568
906039439,0.524209683873549
906039576,0.562672556598564
906039577,0.46031746031746
906039598,0.456712390375534
906039599,0.456712390375534
906039669,0.456712390375534
906039670,0.456712390375534
906039770,0.587083476468568
906039771,0.562604340567613
906039802,0.562672556598564
906039803,0.562672556598564
906039804,0.46031746031746
906039805,0.46031746031746
906039806,0.46031746031746
906039807,0.46031746031746
906039808,0.46031746031746
906039809,0.46031746031746
906039856,0.46031746031746
906039857,0.46031746031746
906040219,0.456712390375534
906040221,0.587083476468568
906040222,0.562604340567613
906040247,0.439242503945292
906040282,0.544569574346249
906040283,0.544569574346249
906040284,0.544569574346249
906040285,0.544569574346249
906040327,0.477112676056338
906040342,0.587083476468568
906040343,0.416763950501985
906040344,0.562604340567613
906040353,0.615194054500413
906040354,0.615194054500413
906040368,0.587051938551573
906040384,0.653789874158619
906040389,0.617679212868968
906040390,0.617679212868968
906040694,0.581929006812478
906040695,0.40464308960729
906040912,0.617679212868968
906040913,0.617679212868968
906041042,0.581929006812478
906041043,0.40464308960729
906041169,0.587051938551573
906041170,0.587051938551573
906041171,0.62848200312989
906041173,0.62848200312989
906041320,0.587051938551573
906041615,0.587051938551573
906041617,0.594675540765391
906041644,0.524209683873549
906042011,0.544569574346249
906042040,0.615194054500413
906042041,0.615194054500413
906042278,0.617679212868968
906042279,0.617679212868968
906042657,0.40464308960729
906043163,0.615194054500413
906043179,0.594675540765391
906043191,0.265551265551266
906043410,0.594675540765391
906043411,0.594675540765391
906043440,0.544569574346249
906043814,0.587083476468568
906043815,0.416763950501985
906043816,0.562604340567613
906043819,0.615194054500413
906043837,0.46031746031746
906043838,0.46031746031746
906043852,0.581929006812478
906043912,0.477112676056338
906044315,0.505693800084353
906044344,0.265551265551266
906044402,0.517902350813743
906044415,0.517902350813743
906044512,0.557781487664626
906044513,0.557781487664626
906044599,0.477112676056338
906044673,0.617679212868968
906044687,0.456712390375534
906044789,0.524209683873549
906044823,0.416763950501985
906044824,0.562604340567613
906044859,0.477112676056338
906044880,0.587051938551573
906044950,0.46031746031746
906045067,0.62848200312989
906045070,0.594675540765391
906045234,0.587972078038303
906045235,0.587972078038303
906045236,0.505693800084353
906045322,0.477112676056338
906045477,0.505693800084353
906045530,0.628329677217173
906045616,0.587972078038303
906045827,0.594675540765391
906045903,0.594675540765391
906045904,0.594675540765391
906045905,0.594675540765391
906045918,0.384644124789837
906046026,0.557781487664626
906046199,0.594675540765391
906046389,0.517902350813743
906046390,0.517902350813743
906046391,0.517902350813743
906046392,0.517902350813743
906046931,0.524209683873549
906046932,0.524209683873549
906047692,0.618601538976246
906048006,0.56786703601108
906048007,0.56786703601108
906048008,0.56786703601108
906048024,0.628329677217173
906048058,0.557781487664626
906048059,0.557781487664626
906048084,0.607900750897813
906048085,0.607900750897813
906048117,0.587051938551573
906048133,0.265551265551266
906048134,0.265551265551266
906049059,0.618601538976246
906049131,0.628329677217173
906049211,0.265551265551266
906049328,0.628329677217173
906049329,0.29925868123293
906049330,0.29925868123293
906051632,0.618601538976246
906052930,0.618601538976246
906058391,0.617679212868968
906058478,0.562672556598564
906058479,0.46031746031746
906059123,0.439242503945292
906059124,0.519013360739979
906059436,0.439242503945292
906059437,0.658980927981782
906059438,0.658980927981782
906059439,0.658980927981782
906059625,0.592223161453931
906059654,0.648955223880597
906059680,0.477112676056338
906059681,0.477112676056338
906059683,0.648972349549017
906059684,0.648972349549017
906059814,0.62998015570142
906059815,0.62998015570142
906059949,0.456712390375534
906059950,0.456712390375534
906059951,0.557781487664626
906060470,0.46031746031746
906060472,0.648955223880597
906060473,0.648955223880597
906060474,0.648955223880597
906060519,0.477112676056338
906060521,0.648972349549017
906060522,0.648972349549017
906060554,0.29925868123293
906060555,0.29925868123293
906060556,0.62998015570142
906060557,0.62998015570142
906060778,0.587083476468568
906060998,0.607900750897813
906061192,0.586267297249956
906061363,0.49587961304192
906061405,0.648955223880597
906061452,0.648955223880597
906061489,0.49587961304192
906061534,0.628329677217173
906061576,0.505693800084353
906061833,0.651618651618652
906061976,0.461161651504549
906061999,0.557647894830343
906062000,0.557647894830343
906062001,0.557647894830343
906062047,0.265551265551266
906062048,0.648955223880597
906062098,0.265551265551266
906062099,0.648955223880597
906062286,0.6
906062301,0.461161651504549
906062327,0.505693800084353
906062328,0.607900750897813
906062329,0.607900750897813
906062351,0.557781487664626
906062419,0.56786703601108
906062443,0.628329677217173
906062444,0.29925868123293
906062445,0.29925868123293
906062460,0.5199841709537
906062461,0.5199841709537
906062462,0.5199841709537
906062463,0.5199841709537
906062529,0.648972349549017
906062589,0.384644124789837
906062590,0.384644124789837
906062650,0.658980927981782
906062779,0.628329677217173
906062780,0.29925868123293
906062806,0.617679212868968
906062807,0.587972078038303
906062808,0.607900750897813
906063005,0.456712390375534
906063053,0.557781487664626
906063062,0.648972349549017
906063072,0.557647894830343
906063203,0.648972349549017
906063301,0.461161651504549
906063325,0.62848200312989
906063327,0.594675540765391
906063328,0.56786703601108
906063330,0.557647894830343
906063339,0.56786703601108
906063351,0.517902350813743
906063353,0.439242503945292
906063354,0.651618651618652
906063355,0.651618651618652
906063356,0.225005745805562
906063372,0.587051938551573
906063386,0.384644124789837
906063461,0.477112676056338
906063464,0.648972349549017
906063552,0.5199841709537
906063603,0.62998015570142
906063604,0.62998015570142
906063882,0.587972078038303
906063913,0.544569574346249
906064105,0.594675540765391
906064106,0.56786703601108
906064225,0.651618651618652
906064235,0.651618651618652
906064449,0.49587961304192
906064502,0.225005745805562
906064503,0.225005745805562
906064521,0.607900750897813
906064551,0.519013360739979
906064561,0.586267297249956
906064607,0.5199841709537
906064608,0.5199841709537
906064686,0.49587961304192
906064711,0.49587961304192
906064736,0.308012968967114
906064750,0.49587961304192
906065051,0.29925868123293
906065058,0.658980927981782
906065059,0.658980927981782
906065146,0.544569574346249
906065361,0.557647894830343
906065362,0.557647894830343
906065389,0.6
906065464,0.461161651504549
906065483,0.557647894830343
906065509,0.6
906065534,0.477112676056338
906065787,0.557647894830343
906065788,0.557647894830343
906066228,0.225005745805562
906066403,0.607900750897813
906066464,0.413316039775184
906066465,0.618601538976246
906066483,0.62998015570142
906066484,0.62998015570142
906066883,0.265551265551266
906067067,0.557781487664626
906067068,0.557781487664626
906067146,0.49587961304192
906067147,0.49587961304192
906067334,0.56786703601108
906067398,0.265551265551266
906067399,0.648955223880597
906067431,0.519013360739979
906067451,0.384644124789837
906067452,0.384644124789837
906067497,0.477112676056338
906067507,0.413316039775184
906067508,0.413316039775184
906067509,0.413316039775184
906068290,0.546305136528547
906068297,0.587972078038303
906068298,0.505693800084353
906068299,0.607900750897813
906068312,0.560340148362584
906068370,0.308012968967114
906068778,0.557647894830343
906068779,0.557647894830343
906068834,0.457223305176522
906068835,0.546305136528547
906068836,0.546305136528547
906068890,0.651618651618652
906068893,0.517902350813743
906068894,0.658980927981782
906068943,0.265551265551266
906069076,0.651618651618652
906069079,0.545067698259188
906069242,0.225005745805562
906069243,0.545067698259188
906069343,0.416763950501985
906069344,0.562604340567613
906069345,0.384644124789837
906069370,0.648972349549017
906069417,0.413316039775184
906069418,0.413316039775184
906069479,0.49587961304192
906069482,0.228249308657732
906069627,0.614147909967846
906069777,0.587051938551573
906069778,0.62848200312989
906070236,0.560340148362584
906070384,0.308012968967114
906070385,0.308012968967114
906070464,0.413316039775184
906070544,0.557647894830343
906070553,0.560340148362584
906070731,0.560340148362584
906070773,0.413316039775184
906070905,0.225005745805562
906070906,0.545067698259188
906071026,0.5199841709537
906071027,0.308012968967114
906071227,0.265551265551266
906071309,0.560340148362584
906071342,0.560340148362584
906071343,0.560340148362584
906071556,0.545067698259188
906071681,0.653789874158619
906071765,0.225005745805562
906071766,0.545067698259188
906071767,0.545067698259188
906071905,0.614147909967846
906071909,0.560340148362584
906072008,0.590325271059216
906072104,0.457223305176522
906072174,0.308012968967114
906072175,0.308012968967114
906072176,0.308012968967114
906072195,0.546305136528547
906072259,0.325772116559065
906072260,0.325772116559065
906072526,0.308012968967114
906072527,0.308012968967114
906072792,0.29925868123293
906072800,0.308012968967114
906073052,0.325772116559065
906073062,0.651618651618652
906073125,0.457223305176522
906073239,0.325772116559065
906073330,0.325772116559065
906073452,0.457223305176522
906073564,0.325772116559065
906073628,0.325772116559065
906073781,0.618601538976246
906073782,0.618601538976246
906074234,0.511535401750199
906074235,0.511535401750199
906074626,0.590325271059216
906074968,0.413316039775184
906075232,0.413316039775184
906075233,0.413316039775184
906075234,0.413316039775184
906075280,0.628329677217173
906075441,0.413316039775184
906076329,0.511535401750199
906076330,0.511535401750199
906076331,0.511535401750199
906076332,0.511535401750199
906076333,0.511535401750199
906076373,0.590325271059216
906076536,0.461472159972419
906076686,0.396143029329048
906077708,0.457223305176522
906077732,0.498552205757111
906077942,0.241040746195385
906078290,0.325772116559065
906078291,0.325772116559065
906078340,0.590325271059216
906078690,0.590325271059216
906078691,0.176023261015433
906079003,0.476521739130435
906079005,0.176023261015433
906079006,0.176023261015433
906079284,0.614147909967846
906079816,0.461472159972419
906079817,0.461472159972419
906079818,0.506838294448914
906079819,0.506838294448914
906079850,0.176023261015433
906079882,0.461799321763415
906079883,0.461799321763415
906079895,0.498552205757111
906079896,0.498552205757111
906080012,0.241040746195385
906080013,0.241040746195385
906080132,0.461472159972419
906080133,0.461472159972419
906080134,0.506838294448914
906080135,0.506838294448914
906080136,0.57145484642266
906080190,0.564664046415871
906080191,0.564664046415871
906080610,0.461472159972419
906080611,0.57145484642266
906080968,0.511535401750199
906080969,0.511535401750199
906081447,0.498552205757111
906082079,0.461472159972419
906082080,0.506838294448914
906082081,0.506838294448914
906082985,0.564664046415871
906083036,0.241040746195385
906083154,0.560340148362584
906083496,0.511535401750199
906083497,0.511535401750199
906083558,0.461799321763415
906083619,0.476521739130435
906083631,0.176023261015433
906083634,0.511535401750199
906083763,0.461472159972419
906083782,0.636932241250931
906083830,0.511535401750199
906084006,0.564664046415871
906084084,0.461799321763415
906084085,0.461799321763415
906084086,0.461799321763415
906084087,0.461799321763415
906084099,0.498552205757111
906084688,0.546305136528547
906085290,0.590325271059216
906085592,0.241040746195385
906085593,0.241040746195385
906086009,0.636932241250931
906086011,0.341745531019979
906086247,0.461799321763415
906086366,0.476521739130435
906086367,0.476521739130435
906086368,0.476521739130435
906086777,0.473004947300495
906086797,0.57145484642266
906086811,0.511535401750199
906086827,0.461799321763415
906086852,0.644232160949486
906086853,0.519013360739979
906086857,0.396143029329048
906086858,0.636932241250931
906086878,0.590325271059216
906087364,0.241040746195385
906087448,0.585127201565558
906087449,0.585127201565558
906087469,0.564664046415871
906087751,0.498552205757111
906088515,0.511535401750199
906088519,0.649617871840094
906088520,0.649617871840094
906088521,0.649617871840094
906088611,0.256616800920598
906088699,0.649617871840094
906088748,0.644232160949486
906088763,0.511535401750199
906088783,0.461472159972419
906088784,0.461472159972419
906088811,0.341745531019979
906088817,0.519013360739979
906088937,0.636932241250931
906088938,0.644232160949486
906088939,0.519013360739979
906089165,0.461799321763415
906089166,0.648328267477204
906089392,0.564664046415871
906089503,0.256616800920598
906089561,0.649617871840094
906089947,0.476521739130435
906090720,0.617679212868968
906090722,0.457223305176522
906090815,0.585127201565558
906090897,0.649617871840094
906090961,0.473004947300495
906091077,0.648328267477204
906091137,0.62708102108768
906091156,0.624549866917176
906091913,0.649617871840094
906091961,0.256616800920598
906091962,0.256616800920598
906091963,0.256616800920598
906092033,0.62708102108768
906092034,0.62708102108768
906092146,0.648328267477204
906092147,0.648328267477204
906092148,0.648328267477204
906092149,0.231922219971643
906092389,0.473004947300495
906092565,0.649617871840094
906092652,0.644232160949486
906092653,0.644232160949486
906092717,0.649617871840094
906092801,0.585127201565558
906092855,0.546305136528547
906092875,0.636932241250931
906092885,0.461799321763415
906092935,0.176023261015433
906093135,0.585127201565558
906093182,0.477112676056338
906093199,0.62708102108768
906093208,0.256616800920598
906093234,0.256616800920598
906093254,0.62708102108768
906093384,0.461472159972419
906093385,0.506838294448914
906093579,0.636932241250931
906093674,0.644232160949486
906093808,0.62708102108768
906094111,0.524209683873549
906094181,0.29925868123293
906094211,0.473004947300495
906094392,0.624549866917176
906094776,0.5906292749658
906095472,0.5906292749658
906095473,0.5906292749658
906095535,0.473004947300495
906095590,0.648328267477204
906095654,0.585127201565558
906096045,0.231922219971643
906096124,0.610564304461942
906096258,0.5906292749658
906096290,0.231922219971643
906096504,0.648328267477204
906096532,0.241040746195385
906096533,0.241040746195385
906096568,0.585127201565558
906096652,0.473004947300495
906096929,0.473004947300495
906097074,0.476521739130435
906097075,0.256616800920598
906097252,0.341745531019979
906097579,0.456712390375534
906097580,0.557781487664626
906097676,0.519013360739979
906098153,0.648328267477204
906098154,0.648328267477204
906100608,0.5906292749658
906101440,0.473004947300495
906101796,0.547937464682614
906102176,0.610564304461942
906102325,0.610564304461942
906102473,0.256616800920598
906102533,0.231922219971643
906102584,0.644232160949486
906102647,0.610564304461942
906102815,0.476521739130435
906103190,0.649617871840094
906103859,0.547937464682614
906103860,0.547937464682614
906104125,0.610564304461942
906104133,0.241040746195385
906104226,0.62708102108768
906105340,0.666187877046826
906105423,0.511535401750199
906105549,0.666187877046826
906105550,0.666187877046826
906105954,0.231922219971643
906107521,0.231922219971643
906107522,0.231922219971643
906108073,0.666187877046826
906109144,0.62708102108768
906109340,0.666187877046826
906109810,0.547937464682614
906109811,0.547937464682614
906110183,0.666187877046826
906110447,0.5906292749658
906110448,0.5906292749658
906110942,0.666187877046826
906111846,0.644232160949486
906111847,0.644232160949486
906112706,0.666187877046826
906112707,0.666187877046826
906113225,0.256616800920598
906113259,0.46031746031746
906113260,0.46031746031746
906113484,0.545067698259188
906113581,0.557647894830343
906113582,0.557647894830343
906113781,0.5199841709537
906113782,0.5199841709537
906113804,0.461161651504549
906113840,0.476521739130435
906113841,0.476521739130435
906113842,0.476521739130435
906113843,0.176023261015433
906113924,0.666187877046826
906114028,0.607900750897813
906114339,0.557647894830343
906114340,0.557647894830343
906114341,0.476521739130435
906114413,0.265551265551266
906114465,0.457223305176522
906114466,0.607900750897813
906114467,0.607900750897813
906114516,0.5199841709537
906114626,0.628329677217173
906114627,0.628329677217173
906114628,0.29925868123293
906114629,0.29925868123293
906114630,0.29925868123293
906114645,0.557647894830343
906114646,0.62848200312989
906114816,0.265551265551266
906114817,0.265551265551266
906114818,0.265551265551266
906114819,0.649617871840094
906114820,0.265551265551266
906114887,0.461161651504549
906114894,0.648328267477204
906114895,0.231922219971643
906114896,0.231922219971643
906115202,0.560340148362584
906115259,0.396143029329048
906115578,0.396143029329048
906115579,0.396143029329048
906115580,0.644232160949486
906115581,0.341745531019979
906115582,0.517902350813743
906115583,0.517902350813743
906115617,0.461472159972419
906115755,0.308012968967114
906115756,0.308012968967114
906115757,0.498552205757111
906116307,0.5906292749658
906116644,0.614147909967846
906116658,0.265551265551266
906116659,0.265551265551266
906116660,0.265551265551266
906116692,0.498552205757111
906116753,0.586267297249956
906116774,0.546305136528547
906116775,0.617679212868968
906116818,0.628329677217173
906116819,0.29925868123293
906116820,0.29925868123293
906116821,0.29925868123293
906116822,0.29925868123293
906116864,0.649617871840094
906116865,0.648955223880597
906116866,0.46031746031746
906116867,0.461472159972419
906116868,0.648955223880597
906116950,0.457223305176522
906116997,0.476521739130435
906117013,0.592223161453931
906117014,0.592223161453931
906117015,0.564664046415871
906117104,0.456712390375534
906117121,0.607900750897813
906117122,0.617679212868968
906117180,0.341745531019979
906117181,0.517902350813743
906117182,0.658980927981782
906117207,0.666187877046826
906117222,0.564664046415871
906117278,0.456712390375534
906117279,0.456712390375534
906117280,0.456712390375534
906117281,0.557781487664626
906117282,0.557781487664626
906117298,0.544569574346249
906117310,0.557781487664626
906117311,0.557781487664626
906117362,0.544569574346249
906117363,0.544569574346249
906117478,0.544569574346249
906117487,0.648972349549017
906117488,0.648972349549017
906117489,0.648972349549017
906117490,0.648972349549017
906117493,0.648328267477204
906117494,0.461799321763415
906117498,0.547937464682614
906117592,0.473004947300495
906117644,0.592223161453931
906117645,0.592223161453931
906117669,0.473004947300495
906117670,0.473004947300495
906117671,0.473004947300495
906117672,0.481999152901313
906117673,0.481999152901313
906117674,0.481999152901313
906117679,0.241040746195385
906117690,0.5199841709537
906117908,0.473004947300495
906117909,0.481999152901313
906117944,0.461161651504549
906117956,0.461161651504549
906117974,0.176023261015433
906117975,0.587051938551573
906117976,0.587051938551573
906117990,0.624549866917176
906118070,0.62848200312989
906118071,0.587051938551573
906118072,0.587051938551573
906118073,0.590325271059216
906118074,0.590325271059216
906118075,0.594675540765391
906118076,0.594675540765391
906118128,0.648972349549017
906118129,0.648972349549017
906118130,0.648972349549017
906118131,0.648972349549017
906118132,0.231922219971643
906118133,0.231922219971643
906118134,0.648328267477204
906118135,0.648328267477204
906118136,0.648328267477204
906118137,0.648328267477204
906118138,0.461799321763415
906118152,0.587083476468568
906118153,0.587083476468568
906118182,0.624549866917176
906118186,0.416763950501985
906118189,0.615194054500413
906118190,0.62708102108768
906118235,0.594675540765391
906118236,0.594675540765391
906118237,0.56786703601108
906118285,0.461472159972419
906118286,0.506838294448914
906118318,0.585127201565558
906118319,0.585127201565558
906118320,0.644232160949486
906118348,0.653789874158619
906118349,0.585127201565558
906118350,0.585127201565558
906118351,0.644232160949486
906118367,0.644232160949486
906118371,0.610564304461942
906118404,0.461161651504549
906118405,0.653789874158619
906118444,0.461799321763415
906118452,0.648972349549017
906118464,0.562672556598564
906118465,0.562672556598564
906118472,0.506838294448914
906118473,0.506838294448914
906118497,0.46031746031746
906118498,0.46031746031746
906118499,0.461472159972419
906118500,0.648955223880597
906118501,0.57145484642266
906118502,0.57145484642266
906118503,0.562672556598564
906118504,0.653789874158619
906118505,0.585127201565558
906118514,0.610564304461942
906118515,0.653789874158619
906118516,0.585127201565558
906118535,0.506838294448914
906118536,0.506838294448914
906118548,0.648955223880597
906118549,0.461472159972419
906118552,0.648972349549017
906118553,0.231922219971643
906118554,0.617679212868968
906118555,0.477112676056338
906118556,0.461799321763415
906118557,0.461799321763415
906118567,0.644232160949486
906118568,0.644232160949486
906118655,0.658980927981782
906118663,0.666187877046826
906118666,0.586267297249956
906118671,0.658980927981782
906118672,0.519013360739979
906118688,0.666187877046826
906118724,0.586267297249956
906118803,0.586267297249956
906118814,0.517902350813743
906118815,0.658980927981782
906118816,0.658980927981782
906118817,0.519013360739979
906118818,0.545067698259188
906118819,0.225005745805562
906118820,0.651618651618652
906118821,0.651618651618652
906118822,0.636932241250931
906118857,0.614147909967846
906118859,0.648972349549017
906118860,0.648328267477204
906118861,0.648328267477204
906118862,0.461799321763415
906118863,0.617679212868968
906118890,0.628329677217173
906118930,0.57145484642266
906118931,0.562672556598564
906118932,0.506838294448914
906118933,0.649617871840094
906119047,0.557647894830343
906119100,0.473004947300495
906119108,0.476521739130435
906119190,0.265551265551266
906119252,0.476521739130435
906119253,0.476521739130435
906119267,0.666187877046826
906119389,0.5199841709537
906119390,0.5199841709537
906119402,0.648972349549017
906119428,0.585127201565558
906119467,0.265551265551266
906119468,0.562672556598564
906119475,0.506838294448914
906119476,0.649617871840094
906119515,0.587972078038303
906119539,0.644232160949486
906119553,0.649617871840094
906119582,0.557647894830343
906119583,0.62848200312989
906119584,0.594675540765391
906119600,0.6
906119629,0.666187877046826
906119680,0.666187877046826
906119681,0.666187877046826
906119682,0.666187877046826
906119683,0.666187877046826
906119690,0.40464308960729
906119691,0.40464308960729
906119727,0.560340148362584
906119728,0.560340148362584
906119740,0.564664046415871
906119781,0.62848200312989
906119782,0.587051938551573
906119783,0.590325271059216
906119790,0.228249308657732
906119798,0.228249308657732
906119799,0.586267297249956
906119806,0.607900750897813
906119807,0.587972078038303
906119815,0.29925868123293
906119816,0.29925868123293
906119823,0.62998015570142
906119824,0.62998015570142
906119830,0.628329677217173
906119839,0.649617871840094
906119840,0.610564304461942
906119841,0.587083476468568
906119848,0.557781487664626
906119892,0.40464308960729
906119911,0.228249308657732
906119922,0.546305136528547
906119966,0.62998015570142
906119967,0.636932241250931
906119968,0.456712390375534
906119977,0.557781487664626
906119991,0.473004947300495
906119992,0.481999152901313
906119993,0.241040746195385
906119994,0.524209683873549
906120073,0.594675540765391
906120074,0.56786703601108
906120075,0.476521739130435
906120076,0.587051938551573
906120127,0.585127201565558
906120128,0.585127201565558
906120129,0.644232160949486
906120130,0.649617871840094
906120131,0.649617871840094
906120133,0.231922219971643
906120134,0.648328267477204
906120135,0.461799321763415
906120139,0.299075025693731
906120140,0.648328267477204
906120141,0.648328267477204
906120158,0.545067698259188
906120159,0.225005745805562
906120160,0.439242503945292
906120166,0.62708102108768
906120182,0.666187877046826
906120208,0.498552205757111
906120252,0.5906292749658
906120279,0.644232160949486
906120280,0.396143029329048
906120300,0.585127201565558
906120308,0.498552205757111
906120312,0.563953488372093
906120338,0.544569574346249
906120340,0.544569574346249
906120345,0.241040746195385
906120346,0.524209683873549
906120383,0.564664046415871
906120392,0.564664046415871
906120444,0.62998015570142
906120459,0.62998015570142
906120460,0.62998015570142
906120470,0.544569574346249
906120520,0.62708102108768
906120521,0.649617871840094
906120553,0.476521739130435
906120554,0.587051938551573
906120576,0.6
906120577,0.6
906120578,0.265551265551266
906120579,0.265551265551266
906120594,0.477112676056338
906120595,0.648328267477204
906120634,0.545067698259188
906120635,0.225005745805562
906120636,0.651618651618652
906120637,0.651618651618652
906120638,0.651618651618652
906120639,0.439242503945292
906120640,0.636932241250931
906120690,0.511535401750199
906120691,0.511535401750199
906120692,0.511535401750199
906120693,0.511535401750199
906120694,0.649617871840094
906120738,0.617679212868968
906120739,0.461799321763415
906120754,0.649617871840094
906120778,0.524209683873549
906120779,0.524209683873549
906120780,0.524209683873549
906120781,0.519013360739979
906120793,0.562604340567613
906120794,0.615194054500413
906120799,0.62708102108768
906120800,0.511535401750199
906120801,0.658980927981782
906120816,0.461799321763415
906120817,0.299075025693731
906120818,0.651618651618652
906120820,0.648972349549017
906120826,0.648328267477204
906120869,0.519013360739979
906120870,0.225005745805562
906120871,0.651618651618652
906120872,0.517902350813743
906120873,0.439242503945292
906120883,0.585127201565558
906120884,0.563953488372093
906120885,0.563953488372093
906120886,0.585127201565558
906120893,0.6
906120894,0.6
906120900,0.265551265551266
906120901,0.265551265551266
906120919,0.62848200312989
906120920,0.636932241250931
906120922,0.256616800920598
906120923,0.256616800920598
906120924,0.476521739130435
906120925,0.587051938551573
906120926,0.587051938551573
906120930,0.590325271059216
906120931,0.594675540765391
906120932,0.594675540765391
906120933,0.594675540765391
906120935,0.56786703601108
906120936,0.56786703601108
906120957,0.481999152901313
906120958,0.481999152901313
906120959,0.481999152901313
906120962,0.524209683873549
906120970,0.46031746031746
906120971,0.648955223880597
906120982,0.648955223880597
906121055,0.6
906121062,0.636932241250931
906121063,0.644232160949486
906121098,0.265551265551266
906121099,0.29925868123293
906121135,0.456712390375534
906121144,0.544569574346249
906121149,0.511535401750199
906121150,0.511535401750199
906121170,0.241040746195385
906121171,0.473004947300495
906121175,0.481999152901313
906121176,0.524209683873549
906121180,0.648972349549017
906121181,0.617679212868968
906121191,0.648972349549017
906121192,0.648972349549017
906121193,0.648328267477204
906121209,0.46031746031746
906121210,0.649617871840094
906121218,0.506838294448914
906121224,0.658980927981782
906121225,0.651618651618652
906121226,0.636932241250931
906121227,0.644232160949486
906121239,0.617679212868968
906121251,0.461799321763415
906121252,0.617679212868968
906121253,0.617679212868968
906121274,0.481999152901313
906121275,0.241040746195385
906121311,0.648328267477204
906121314,0.648972349549017
906121315,0.477112676056338
906121353,0.649617871840094
906121354,0.649617871840094
906121368,0.644232160949486
906121369,0.396143029329048
906121370,0.461799321763415
906121371,0.461799321763415
906121372,0.341745531019979
906121373,0.341745531019979
906121380,0.46031746031746
906121381,0.648955223880597
906121382,0.546305136528547
906121383,0.546305136528547
906121414,0.439242503945292
906121415,0.644232160949486
906121416,0.644232160949486
906121417,0.644232160949486
906121418,0.396143029329048
906121480,0.546305136528547
906121481,0.587972078038303
906121482,0.505693800084353
906121504,0.607900750897813
906121525,0.666187877046826
906121526,0.666187877046826
906121527,0.228249308657732
906121528,0.581929006812478
906121529,0.581929006812478
906121534,0.617679212868968
906121535,0.607900750897813
906121536,0.505693800084353
906121543,0.617679212868968
906121544,0.587972078038303
906121545,0.607900750897813
906121573,0.413316039775184
906121589,0.547937464682614
906121590,0.547937464682614
906121608,0.461799321763415
906121609,0.545067698259188
906121610,0.658980927981782
906121617,0.644232160949486
906121618,0.644232160949486
906121619,0.396143029329048
906121620,0.461799321763415
906121621,0.545067698259188
906121624,0.6
906121625,0.582242660063672
906121651,0.585127201565558
906121661,0.628329677217173
906121662,0.628329677217173
906121667,0.256616800920598
906121676,0.379732486964407
906121677,0.624549866917176
906121678,0.624549866917176
906121681,0.524209683873549
906121682,0.524209683873549
906121683,0.524209683873549
906121684,0.519013360739979
906121685,0.521961184882533
906121686,0.521961184882533
906121693,0.521961184882533
906121708,0.649617871840094
906121709,0.649617871840094
906121721,0.29925868123293
906121722,0.29925868123293
906121723,0.6
906121726,0.582242660063672
906121729,0.544569574346249
906121730,0.544569574346249
906121731,0.544569574346249
906121732,0.544569574346249
906121733,0.628329677217173
906121737,0.636099404156373
906121738,0.636099404156373
906121739,0.636099404156373
906121740,0.636099404156373
906121745,0.481999152901313
906121746,0.524209683873549
906121758,0.649617871840094
906121759,0.649617871840094
906121760,0.461161651504549
906121761,0.587083476468568
906121762,0.610564304461942
906121777,0.666187877046826
906121778,0.228249308657732
906121779,0.228249308657732
906121780,0.586267297249956
906121782,0.586267297249956
906121783,0.622884012539185
906121784,0.622884012539185
906121785,0.49587961304192
906121788,0.505693800084353
906121789,0.505693800084353
906121790,0.505693800084353
906121799,0.614461686130219
906121804,0.666187877046826
906121805,0.228249308657732
906121834,0.563953488372093
906121835,0.563953488372093
906121836,0.585127201565558
906121840,0.498552205757111
906121841,0.498552205757111
906121845,0.509609548856969
906121846,0.443544951001278
906121849,0.582242660063672
906121850,0.582242660063672
906121858,0.29925868123293
906121859,0.29925868123293
906121860,0.6
906121861,0.6
906121862,0.6
906121864,0.547937464682614
906121865,0.592223161453931
906121866,0.228249308657732
906121880,0.587083476468568
906121881,0.587083476468568
906121882,0.587083476468568
906121883,0.610564304461942
906121901,0.62848200312989
906121902,0.636932241250931
906121909,0.524209683873549
906121910,0.590325271059216
906121911,0.590325271059216
906121912,0.590325271059216
906121914,0.231922219971643
906121915,0.231922219971643
906121916,0.231922219971643
906121922,0.587051938551573
906121923,0.587051938551573
906121924,0.587051938551573
906121935,0.498552205757111
906121936,0.498552205757111
906121937,0.498552205757111
906121962,0.524209683873549
906121973,0.6
906122000,0.62848200312989
906122005,0.594675540765391
906122006,0.590325271059216
906122136,0.545067698259188
906122137,0.461799321763415
906122138,0.461799321763415
906122141,0.341745531019979
906122142,0.439242503945292
906122152,0.439242503945292
906122153,0.439242503945292
906122175,0.666187877046826
906122176,0.228249308657732
906122177,0.228249308657732
906122178,0.586267297249956
906122187,0.49587961304192
906122188,0.40464308960729
906122189,0.40464308960729
906122244,0.636932241250931
906122250,0.432525951557093
906122251,0.432525951557093
906122258,0.621481721125849
906122259,0.621481721125849
906122260,0.621481721125849
906122308,0.624382716049383
906122309,0.624382716049383
906122310,0.624382716049383
906122321,0.383455663558818
906122348,0.56112403794523
906122377,0.529365700861394
906122389,0.586267297249956
906122390,0.40464308960729
906122391,0.40464308960729
906122461,0.562604340567613
906122511,0.610564304461942
906122522,0.265551265551266
906122523,0.46031746031746
906122557,0.477112676056338
906122569,0.231922219971643
906122570,0.648328267477204
906122571,0.461799321763415
906122578,0.590325271059216
906122579,0.562604340567613
906122580,0.56786703601108
906122581,0.256616800920598
906122589,0.560340148362584
906122590,0.456712390375534
906122602,0.557781487664626
906122606,0.658980927981782
906122607,0.519013360739979
906122616,0.545067698259188
906122617,0.225005745805562
906122637,0.628329677217173
906122638,0.29925868123293
906122646,0.62998015570142
906122647,0.544569574346249
906122652,0.481999152901313
906122653,0.481999152901313
906122654,0.524209683873549
906122705,0.511535401750199
906122734,0.5199841709537
906122735,0.585127201565558
906122736,0.563953488372093
906122737,0.563953488372093
906122764,0.6
906122765,0.265551265551266
906122788,0.176023261015433
906122789,0.587051938551573
906122790,0.594675540765391
906122791,0.524209683873549
906122792,0.231922219971643
906122793,0.231922219971643
906122804,0.384644124789837
906122805,0.615194054500413
906122806,0.62708102108768
906122815,0.557781487664626
906122816,0.544569574346249
906122832,0.649617871840094
906122845,0.636932241250931
906122846,0.636932241250931
906122847,0.439242503945292
906122856,0.644232160949486
906122857,0.461799321763415
906122858,0.461799321763415
906122869,0.648328267477204
906122870,0.648328267477204
906122871,0.648328267477204
906122872,0.648328267477204
906122873,0.477112676056338
906122874,0.477112676056338
906122882,0.547937464682614
906122890,0.585127201565558
906122891,0.610564304461942
906123020,0.562604340567613
906123021,0.594675540765391
906123022,0.256616800920598
906123049,0.62998015570142
906123136,0.241040746195385
906123143,0.241040746195385
906123144,0.592223161453931
906123145,0.592223161453931
906123174,0.563953488372093
906123192,0.524209683873549
906123193,0.524209683873549
906123194,0.138571894359309
906123195,0.138571894359309
906123212,0.379732486964407
906123213,0.594675540765391
906123227,0.457223305176522
906123231,0.443544951001278
906123232,0.443544951001278
906123233,0.650334753499696
906123256,0.636932241250931
906123283,0.308012968967114
906123284,0.498552205757111
906123286,0.585127201565558
906123287,0.636099404156373
906123288,0.556159420289855
906123348,0.563953488372093
906123349,0.563953488372093
906123350,0.457223305176522
906123351,0.457223305176522
906123354,0.498552205757111
906123417,0.57145484642266
906123418,0.506838294448914
906123423,0.577498709788405
906123425,0.586267297249956
906123463,0.56112403794523
906123481,0.615194054500413
906123482,0.62708102108768
906123483,0.649617871840094
906123485,0.519013360739979
906123486,0.545067698259188
906123487,0.636932241250931
906123495,0.644232160949486
906123496,0.644232160949486
906123497,0.658980927981782
906123498,0.439242503945292
906123578,0.614147909967846
906123579,0.452036199095023
906123580,0.526470013674546
906123581,0.526470013674546
906123582,0.618601538976246
906123583,0.562604340567613
906123592,0.653789874158619
906123620,0.651618651618652
906123621,0.636932241250931
906123622,0.439242503945292
906123623,0.439242503945292
906123648,0.621481721125849
906123663,0.562604340567613
906123664,0.384644124789837
906123665,0.649617871840094
906123718,0.29925868123293
906123719,0.6
906123720,0.582242660063672
906123731,0.624382716049383
906123732,0.624382716049383
906123734,0.265551265551266
906123742,0.6
906123743,0.624382716049383
906123748,0.505693800084353
906123749,0.505693800084353
906123821,0.636932241250931
906123822,0.456712390375534
906123823,0.585097078887528
906123824,0.560340148362584
906123847,0.138571894359309
906123848,0.138571894359309
906123849,0.138571894359309
906123850,0.438808547377509
906123861,0.648328267477204
906123862,0.648328267477204
906123863,0.648328267477204
906123864,0.577498709788405
906123865,0.577498709788405
906123866,0.624382716049383
906123867,0.590325271059216
906123868,0.590325271059216
906123881,0.510568159782819
906123882,0.510568159782819
906123883,0.521961184882533
906123884,0.648972349549017
906123885,0.231922219971643
906123890,0.477112676056338
906123892,0.607900750897813
906123893,0.607900750897813
906123896,0.644232160949486
906123897,0.396143029329048
906123903,0.439242503945292
906123904,0.0347054075867635
906123905,0.0347054075867635
906123906,0.0347054075867635
906123907,0.0347054075867635
906123925,0.56112403794523
906123959,0.556159420289855
906123960,0.556159420289855
906123961,0.520060275004709
906123982,0.432525951557093
906123983,0.432525951557093
906124002,0.544392115820687
906124003,0.544392115820687
906124004,0.544392115820687
906124005,0.544392115820687
906124021,0.644232160949486
906124022,0.644232160949486
906124023,0.483884830253545
906124024,0.483884830253545
906124025,0.483884830253545
906124026,0.483884830253545
906124027,0.648955223880597
906124030,0.562672556598564
906124031,0.57145484642266
906124045,0.563953488372093
906124065,0.526470013674546
906124066,0.618601538976246
906124076,0.587083476468568
906124081,0.585097078887528
906124082,0.560340148362584
906124083,0.560340148362584
906124088,0.557781487664626
906124089,0.557781487664626
906124098,0.586267297249956
906124099,0.586267297249956
906124100,0.386190372467872
906124130,0.610564304461942
906124134,0.649617871840094
906124135,0.649617871840094
906124136,0.461161651504549
906124144,0.483628779979145
906124145,0.547937464682614
906124184,0.0347054075867635
906124185,0.0347054075867635
906124188,0.517902350813743
906124189,0.439242503945292
906124190,0.225005745805562
906124191,0.439242503945292
906124194,0.460647223332002
906124195,0.594675540765391
906124196,0.594675540765391
906124201,0.461161651504549
906124202,0.653789874158619
906124203,0.610564304461942
906124204,0.564664046415871
906124205,0.564664046415871
906124206,0.547937464682614
906124207,0.547937464682614
906124208,0.658980927981782
906124209,0.547937464682614
906124216,0.557647894830343
906124217,0.176023261015433
906124218,0.476521739130435
906124219,0.476521739130435
906124220,0.256616800920598
906124227,0.56786703601108
906124232,0.413316039775184
906124233,0.413316039775184
906124234,0.413316039775184
906124261,0.510568159782819
906124262,0.521961184882533
906124263,0.521961184882533
906124267,0.231922219971643
906124268,0.231922219971643
906124269,0.231922219971643
906124277,0.29925868123293
906124278,0.648955223880597
906124279,0.648955223880597
906124289,0.56112403794523
906124299,0.624549866917176
906124304,0.590325271059216
906124305,0.256616800920598
906124306,0.176023261015433
906124307,0.256616800920598
906124315,0.231922219971643
906124316,0.557647894830343
906124317,0.557647894830343
906124318,0.557647894830343
906124333,0.432525951557093
906124334,0.624549866917176
906124335,0.594675540765391
906124336,0.651618651618652
906124346,0.658980927981782
906124347,0.545067698259188
906124348,0.545067698259188
906124349,0.517902350813743
906124350,0.517902350813743
906124367,0.585127201565558
906124368,0.650334753499696
906124378,0.509609548856969
906124379,0.509609548856969
906124380,0.443544951001278
906124381,0.585127201565558
906124387,0.383455663558818
906124388,0.452036199095023
906124389,0.452036199095023
906124390,0.526470013674546
906124396,0.526470013674546
906124398,0.582242660063672
906124399,0.624382716049383
906124400,0.624382716049383
906124401,0.547937464682614
906124408,0.590325271059216
906124409,0.62708102108768
906124410,0.62708102108768
906124414,0.476521739130435
906124415,0.476521739130435
906124421,0.621481721125849
906124422,0.621481721125849
906124424,0.547937464682614
906124427,0.649617871840094
906124428,0.649617871840094
906124429,0.265551265551266
906124442,0.636099404156373
906124443,0.636099404156373
906124444,0.556159420289855
906124445,0.556159420289855
906124446,0.520060275004709
906124449,0.648955223880597
906124450,0.648955223880597
906124469,0.510568159782819
906124470,0.607900750897813
906124505,0.138571894359309
906124507,0.438808547377509
906124508,0.592223161453931
906124514,0.473004947300495
906124515,0.473004947300495
906124529,0.666187877046826
906124530,0.581929006812478
906124571,0.476521739130435
906124572,0.476521739130435
906124573,0.476521739130435
906124602,0.5906292749658
906124649,0.648328267477204
906124650,0.577498709788405
906124651,0.506838294448914
906124652,0.506838294448914
906124654,0.265551265551266
906124657,0.461161651504549
906124674,0.585097078887528
906124675,0.560340148362584
906124676,0.560340148362584
906124680,0.557781487664626
906124763,0.590325271059216
906124766,0.614461686130219
906124772,0.505693800084353
906124773,0.505693800084353
906124774,0.594675540765391
906124775,0.594675540765391
906124782,0.587083476468568
906124803,0.563953488372093
906124804,0.509609548856969
906124824,0.636099404156373
906124836,0.546305136528547
906124837,0.644232160949486
906124840,0.256616800920598
906124847,0.594675540765391
906124848,0.524209683873549
906124849,0.590325271059216
906124850,0.590325271059216
906124886,0.607900750897813
906124887,0.546305136528547
906124914,0.617679212868968
906124921,0.607900750897813
906124925,0.614461686130219
906124926,0.505693800084353
906124927,0.594675540765391
906124928,0.546305136528547
906124929,0.457223305176522
906124989,0.546305136528547
906124990,0.546305136528547
906124993,0.505693800084353
906124994,0.505693800084353
906125010,0.594675540765391
906125029,0.618601538976246
906125038,0.607900750897813
906125039,0.587972078038303
906125068,0.610564304461942
906125084,0.439242503945292
906125085,0.225005745805562
906125086,0.439242503945292
906125087,0.439242503945292
906125140,0.666187877046826
906125141,0.666187877046826
906125142,0.586267297249956
906125143,0.622884012539185
906125144,0.49587961304192
906125145,0.49587961304192
906125175,0.40464308960729
906125183,0.666187877046826
906125184,0.228249308657732
906125189,0.658980927981782
906125196,0.581929006812478
906125235,0.62848200312989
906125239,0.658980927981782
906125240,0.658980927981782
906125241,0.40464308960729
906125264,0.529365700861394
906125265,0.529365700861394
906125266,0.529365700861394
906125267,0.62848200312989
906125268,0.62848200312989
906125271,0.658980927981782
906125272,0.40464308960729
906125321,0.265551265551266
906125322,0.265551265551266
906125344,0.256616800920598
906125345,0.587051938551573
906125346,0.587051938551573
906125347,0.379732486964407
906125348,0.594675540765391
906125349,0.594675540765391
906125350,0.524209683873549
906125351,0.524209683873549
906125352,0.590325271059216
906125356,0.618601538976246
906125364,0.384644124789837
906125365,0.511535401750199
906125380,0.563953488372093
906125381,0.563953488372093
906125382,0.585127201565558
906125414,0.138571894359309
906125415,0.544392115820687
906125416,0.241040746195385
906125420,0.636932241250931
906125421,0.432525951557093
906125440,0.520060275004709
906125441,0.29925868123293
906125462,0.505693800084353
906125465,0.544569574346249
906125480,0.511535401750199
906125481,0.383455663558818
906125491,0.618601538976246
906125492,0.618601538976246
906125493,0.587083476468568
906125494,0.416763950501985
906125499,0.529365700861394
906125533,0.658980927981782
906125549,0.62848200312989
906125550,0.658980927981782
906125551,0.581929006812478
906125561,0.594675540765391
906125582,0.413316039775184
906125583,0.413316039775184
906125584,0.413316039775184
906125585,0.618601538976246
906125586,0.618601538976246
906125588,0.618601538976246
906125595,0.5906292749658
906125618,0.521961184882533
906125619,0.521961184882533
906125634,0.29925868123293
906125644,0.547937464682614
906125645,0.29925868123293
906125651,0.557647894830343
906125652,0.176023261015433
906125653,0.476521739130435
906125654,0.225005745805562
906125666,0.560340148362584
906125701,0.386190372467872
906125713,0.585127201565558
906125730,0.658980927981782
906125755,0.628329677217173
906125756,0.241040746195385
906125771,0.56112403794523
906125772,0.624549866917176
906125828,0.624382716049383
906125848,0.636099404156373
906125849,0.556159420289855
906125850,0.29925868123293
906125886,0.443544951001278
906125887,0.585127201565558
906125888,0.650334753499696
906125896,0.509609548856969
906125916,0.438808547377509
906125951,0.614147909967846
906125952,0.618601538976246
906125953,0.562604340567613
906125959,0.607900750897813
906125960,0.505693800084353
906126031,0.587083476468568
906126032,0.610564304461942
906126045,0.590325271059216
906126046,0.562604340567613
906126047,0.524209683873549
906126054,0.590325271059216
906126055,0.256616800920598
906126056,0.225005745805562
906126057,0.557781487664626
906126078,0.461799321763415
906126079,0.510568159782819
906126085,0.521961184882533
906126086,0.477112676056338
906126087,0.648972349549017
906126088,0.231922219971643
906126089,0.231922219971643
906126094,0.0347054075867635
906126103,0.439242503945292
906126108,0.546305136528547
906126138,0.653789874158619
906126139,0.610564304461942
906126140,0.564664046415871
906126159,0.40464308960729
906126180,0.607900750897813
906126223,0.648955223880597
906126224,0.562672556598564
906126225,0.562672556598564
906126226,0.57145484642266
906126261,0.5906292749658
906126270,0.413316039775184
906126289,0.618601538976246
906126310,0.62998015570142
906126332,0.225005745805562
906126333,0.225005745805562
906126336,0.585127201565558
906126339,0.308012968967114
906126340,0.5199841709537
906126350,0.241040746195385
906126353,0.473004947300495
906126356,0.241040746195385
906126357,0.241040746195385
906126377,0.416763950501985
906126379,0.225005745805562
906126380,0.225005745805562
906126381,0.557781487664626
906126382,0.557781487664626
906126383,0.557781487664626
906126412,0.607900750897813
906126413,0.607900750897813
906126414,0.587972078038303
906126417,0.615194054500413
906126418,0.615194054500413
906126430,0.618601538976246
906126431,0.618601538976246
906126448,0.413316039775184
906126457,0.648972349549017
906126519,0.396143029329048
906126520,0.396143029329048
906126521,0.615194054500413
906126522,0.615194054500413
906126523,0.615194054500413
906126524,0.416763950501985
906126525,0.416763950501985
906126526,0.416763950501985
906126527,0.511535401750199
906126528,0.511535401750199
906126600,0.615194054500413
906126601,0.615194054500413
906126606,0.416763950501985
906126607,0.511535401750199
906126608,0.511535401750199
906126609,0.511535401750199
906126616,0.651618651618652
906126617,0.651618651618652
906126618,0.651618651618652
906126619,0.651618651618652
906126631,0.56112403794523
906126640,0.461799321763415
906126641,0.461799321763415
906126642,0.299075025693731
906126643,0.648328267477204
906126644,0.648328267477204
906126645,0.648328267477204
906126646,0.477112676056338
906126660,0.590325271059216
906126661,0.590325271059216
906126662,0.590325271059216
906126663,0.62708102108768
906126664,0.62708102108768
906126674,0.476521739130435
906126675,0.476521739130435
906126702,0.40464308960729
906126703,0.581929006812478
906126753,0.505693800084353
906126754,0.594675540765391
906126804,0.384644124789837
906126805,0.384644124789837
906126810,0.587051938551573
906126811,0.379732486964407
906126812,0.62848200312989
906126813,0.590325271059216
906126829,0.46031746031746
906126830,0.648955223880597
906126845,0.6
906126852,0.648972349549017
906126853,0.648972349549017
906126864,0.477112676056338
906126865,0.510568159782819
906126872,0.524209683873549
906126873,0.519013360739979
906126876,0.524209683873549
906126877,0.521961184882533
906126898,0.432525951557093
906126899,0.560340148362584
906126938,0.614461686130219
906126956,0.29925868123293
906127008,0.538027032479322
906127028,0.517902350813743
906127038,0.56112403794523
906127097,0.560340148362584
906127116,0.607900750897813
906127117,0.648972349549017
906127118,0.648972349549017
906127122,0.452036199095023
906127193,0.457223305176522
906127231,0.138571894359309
906127232,0.138571894359309
906127243,0.648955223880597
906127255,0.636099404156373
906127256,0.29925868123293
906127257,0.648955223880597
906127265,0.547937464682614
906127275,0.648328267477204
906127276,0.644232160949486
906127277,0.483884830253545
906127278,0.506838294448914
906127279,0.506838294448914
906127282,0.46031746031746
906127303,0.476521739130435
906127330,0.649617871840094
906127331,0.384644124789837
906127359,0.386190372467872
906127365,0.614461686130219
906127389,0.618601538976246
906127408,0.396143029329048
906127449,0.396143029329048
906127450,0.461799321763415
906127451,0.658980927981782
906127462,0.241040746195385
906127463,0.241040746195385
906127468,0.521961184882533
906127469,0.241040746195385
906127491,0.590325271059216
906127543,0.5199841709537
906127549,0.62848200312989
906127567,0.56112403794523
906127582,0.618601538976246
906127583,0.618601538976246
906127592,0.483884830253545
906127593,0.506838294448914
906127594,0.506838294448914
906127595,0.648955223880597
906127629,0.560340148362584
906127639,0.56786703601108
906127640,0.256616800920598
906127658,0.538027032479322
906127660,0.461161651504549
906127690,0.628329677217173
906127691,0.29925868123293
906127729,0.585127201565558
906127730,0.498552205757111
906127739,0.456712390375534
906127758,0.644232160949486
906127759,0.519013360739979
906127786,0.521664960764244
906127800,0.562604340567613
906127824,0.585127201565558
906127839,0.586267297249956
906127840,0.476521739130435
906127841,0.477112676056338
906127902,0.29925868123293
906127903,0.624382716049383
906127963,0.176023261015433
906127980,0.648955223880597
906127981,0.57145484642266
906128001,0.554169030062394
906128002,0.228249308657732
906128013,0.138571894359309
906128014,0.241040746195385
906128046,0.586267297249956
906128047,0.547937464682614
906128059,0.5199841709537
906128097,0.648955223880597
906128107,0.241040746195385
906128108,0.457223305176522
906128109,0.457223305176522
906128110,0.22122379118528
906128156,0.476521739130435
906128157,0.476521739130435
906128158,0.592223161453931
906128173,0.241040746195385
906128176,0.585097078887528
906128177,0.557781487664626
906128178,0.648972349549017
906128210,0.439242503945292
906128211,0.439242503945292
906128212,0.439242503945292
906128213,0.219833430176254
906128214,0.219833430176254
906128234,0.461472159972419
906128258,0.483628779979145
906128280,0.439242503945292
906128281,0.439242503945292
906128310,0.461161651504549
906128311,0.653789874158619
906128312,0.564664046415871
906128352,0.648955223880597
906128353,0.648955223880597
906128354,0.562672556598564
906128355,0.57145484642266
906128356,0.649617871840094
906128357,0.649617871840094
906128379,0.590325271059216
906128394,0.628329677217173
906128407,0.547937464682614
906128408,0.658980927981782
906128420,0.610564304461942
906128421,0.564664046415871
906128440,0.517902350813743
906128441,0.658980927981782
906128447,0.461799321763415
906128448,0.658980927981782
906128449,0.594675540765391
906128450,0.644232160949486
906128451,0.644232160949486
906128452,0.461799321763415
906128463,0.586267297249956
906128464,0.666187877046826
906128499,0.557647894830343
906128500,0.476521739130435
906128501,0.62848200312989
906128510,0.594675540765391
906128553,0.590325271059216
906128554,0.590325271059216
906128581,0.461472159972419
906128582,0.648955223880597
906128583,0.57145484642266
906128584,0.57145484642266
906128591,0.545067698259188
906128592,0.461799321763415
906128593,0.439242503945292
906128603,0.658980927981782
906128604,0.517902350813743
906128605,0.651618651618652
906128610,0.594675540765391
906128611,0.476521739130435
906128621,0.658980927981782
906128635,0.658980927981782
906128639,0.251842219332466
906128657,0.585127201565558
906128658,0.545067698259188
906128672,0.225005745805562
906128673,0.410511019617341
906128674,0.225005745805562
906128683,0.383455663558818
906128706,0.476521739130435
906128707,0.225005745805562
906128708,0.402269861286255
906128709,0.495778045838359
906128755,0.547937464682614
906128756,0.547937464682614
906128757,0.658980927981782
906128774,0.581929006812478
906128775,0.439242503945292
906128787,0.439242503945292
906128788,0.519013360739979
906128802,0.461472159972419
906128803,0.506838294448914
906128812,0.476565429321335
906128813,0.476565429321335
906128846,0.594675540765391
906128847,0.594675540765391
906128848,0.256616800920598
906128859,0.562604340567613
906128886,0.521961184882533
906128891,0.461799321763415
906128892,0.461799321763415
906128893,0.648328267477204
906128920,0.622884012539185
906128921,0.622884012539185
906128922,0.622884012539185
906128924,0.587972078038303
906128925,0.587972078038303
906128963,0.519013360739979
906128970,0.256616800920598
906128971,0.256616800920598
906128972,0.476521739130435
906128973,0.590325271059216
906128974,0.590325271059216
906128975,0.176023261015433
906128992,0.384644124789837
906128993,0.587083476468568
906129015,0.648328267477204
906129016,0.477112676056338
906129020,0.521961184882533
906129021,0.231922219971643
906129038,0.581929006812478
906129040,0.460647223332002
906129041,0.651618651618652
906129042,0.519013360739979
906129043,0.581929006812478
906129044,0.496451503886448
906129076,0.496451503886448
906129092,0.622884012539185
906129182,0.416763950501985
906129196,0.476565429321335
906129197,0.476565429321335
906129210,0.557781487664626
906129214,0.581929006812478
906129222,0.587972078038303
906129223,0.321156162183862
906129224,0.321156162183862
906129225,0.550398839738941
906129228,0.594675540765391
906129229,0.590325271059216
906129264,0.402269861286255
906129265,0.402269861286255
906129283,0.594675540765391
906129284,0.594675540765391
906129285,0.651618651618652
906129286,0.651618651618652
906129287,0.519013360739979
906129294,0.587972078038303
906129295,0.587972078038303
906129296,0.511535401750199
906129297,0.511535401750199
906129298,0.476521739130435
906129299,0.476521739130435
906129309,0.402269861286255
906129321,0.547937464682614
906129349,0.476521739130435
906129350,0.511356660527931
906129370,0.614461686130219
906129398,0.457223305176522
906129399,0.607900750897813
906129400,0.587972078038303
906129401,0.615194054500413
906129402,0.614461686130219
906129427,0.5906292749658
906129436,0.416763950501985
906129437,0.511535401750199
906129442,0.557781487664626
906129443,0.505693800084353
906129444,0.547084355538781
906129446,0.40464308960729
906129460,0.5906292749658
906129461,0.618601538976246
906129462,0.396143029329048
906129474,0.62708102108768
906129475,0.476565429321335
906129476,0.476565429321335
906129483,0.590325271059216
906129486,0.506838294448914
906129487,0.585127201565558
906129491,0.577498709788405
906129492,0.644232160949486
906129493,0.649617871840094
906129506,0.477112676056338
906129531,0.581929006812478
906129532,0.581929006812478
906129533,0.581929006812478
906129534,0.587972078038303
906129535,0.587972078038303
906129536,0.393188854489164
906129537,0.393188854489164
906129538,0.5199841709537
906129539,0.5199841709537
906129543,0.545067698259188
906129544,0.460647223332002
906129583,0.308012968967114
906129584,0.5199841709537
906129592,0.219833430176254
906129593,0.219833430176254
906129663,0.547084355538781
906129676,0.511535401750199
906129677,0.5906292749658
906129732,0.396143029329048
906129733,0.648972349549017
906129734,0.231922219971643
906129749,0.439242503945292
906129750,0.396143029329048
906129751,0.0347054075867635
906129752,0.594675540765391
906129753,0.581929006812478
906129764,0.581929006812478
906129765,0.547084355538781
906129766,0.338275789027748
906129767,0.557781487664626
906129768,0.505693800084353
906129769,0.505693800084353
906129772,0.505693800084353
906129773,0.505693800084353
906129774,0.461161651504549
906129775,0.338275789027748
906129780,0.396143029329048
906129781,0.416763950501985
906129782,0.511535401750199
906129788,0.5906292749658
906129789,0.618601538976246
906129808,0.231922219971643
906129863,0.308012968967114
906129903,0.587972078038303
906129906,0.476521739130435
906129907,0.511356660527931
906129929,0.622884012539185
906129936,0.577498709788405
906129937,0.644232160949486
906129938,0.265551265551266
906129939,0.562672556598564
906129952,0.658980927981782
906129953,0.225005745805562
906129954,0.439242503945292
906129955,0.594675540765391
906129956,0.651618651618652
906129957,0.581929006812478
906129958,0.587972078038303
906129959,0.496451503886448
906129960,0.557647894830343
906129961,0.256616800920598
906129962,0.176023261015433
906129990,0.341745531019979
906129991,0.292366574526898
906130070,0.457223305176522
906130074,0.22122379118528
906130089,0.58546571136131
906130098,0.477112676056338
906130139,0.176023261015433
906130145,0.299075025693731
906130164,0.57145484642266
906130165,0.506838294448914
906130166,0.585127201565558
906130168,0.461472159972419
906130169,0.506838294448914
906130170,0.631191335740072
906130171,0.545067698259188
906130172,0.545067698259188
906130205,0.62708102108768
906130206,0.476565429321335
906130237,0.341745531019979
906130238,0.292366574526898
906130263,0.607900750897813
906130264,0.614461686130219
906130268,0.614461686130219
906130269,0.614461686130219
906130334,0.57145484642266
906130339,0.545067698259188
906130340,0.343620451404883
906130353,0.631191335740072
906130364,0.251842219332466
906130365,0.341745531019979
906130366,0.292366574526898
906130367,0.292366574526898
906130414,0.631191335740072
906130416,0.545067698259188
906130417,0.575289575289575
906130418,0.343620451404883
906130440,0.396143029329048
906130441,0.615194054500413
906130442,0.416763950501985
906130507,0.258802011888432
906130508,0.587806943268417
906130509,0.587806943268417
906130552,0.615194054500413
906130553,0.615194054500413
906130554,0.615194054500413
906130558,0.258802011888432
906130559,0.258802011888432
906130560,0.317337097153611
906130633,0.62708102108768
906130634,0.476565429321335
906130642,0.594675540765391
906130656,0.586267297249956
906130657,0.547084355538781
906130658,0.505693800084353
906130659,0.461161651504549
906130666,0.581929006812478
906130667,0.581929006812478
906130668,0.581929006812478
906130688,0.615194054500413
906130689,0.651618651618652
906130690,0.5906292749658
906130691,0.5906292749658
906130692,0.618601538976246
906130712,0.648972349549017
906130713,0.477112676056338
906130714,0.521961184882533
906130746,0.587083476468568
906130747,0.416763950501985
906130780,0.587051938551573
906130781,0.5906292749658
906130783,0.618601538976246
906130788,0.413316039775184
906130789,0.413316039775184
906130801,0.564664046415871
906130810,0.644232160949486
906130811,0.483884830253545
906130812,0.57145484642266
906130813,0.649617871840094
906130814,0.649617871840094
906130869,0.308012968967114
906130870,0.498552205757111
906130889,0.461161651504549
906130944,0.659755595221749
906130951,0.456712390375534
906130987,0.56112403794523
906131070,0.557781487664626
906131071,0.461161651504549
906131099,0.557781487664626
906131106,0.219833430176254
906131107,0.281408051790411
906131123,0.481999152901313
906131124,0.241040746195385
906131149,0.648972349549017
906131166,0.563953488372093
906131167,0.524209683873549
906131175,0.22122379118528
906131184,0.439242503945292
906131212,0.508061344868266
906131213,0.40581690415772
906131214,0.524209683873549
906131215,0.621691413815365
906131263,0.563953488372093
906131264,0.563953488372093
906131265,0.40581690415772
906131266,0.621691413815365
906131267,0.621691413815365
906131268,0.621691413815365
906131269,0.524209683873549
906131301,0.508061344868266
906131302,0.563953488372093
906131303,0.563953488372093
906131304,0.563953488372093
906131305,0.563953488372093
906131306,0.621691413815365
906131307,0.524209683873549
906131326,0.587083476468568
906131360,0.58546571136131
906131363,0.590325271059216
906131389,0.608900438525256
906131390,0.608900438525256
906131399,0.521664960764244
906131416,0.231922219971643
906131417,0.648972349549017
906131443,0.341745531019979
906131444,0.517902350813743
906131445,0.658980927981782
906131446,0.519013360739979
906131447,0.545067698259188
906131475,0.476521739130435
906131483,0.6
906131484,0.608900438525256
906131511,0.653789874158619
906131512,0.610564304461942
906131513,0.564664046415871
906131514,0.658980927981782
906131522,0.461472159972419
906131525,0.648955223880597
906131567,0.225005745805562
906131568,0.299075025693731
906131569,0.56786703601108
906131570,0.56786703601108
906131587,0.519013360739979
906131596,0.648328267477204
906131600,0.517902350813743
906131601,0.396143029329048
906131632,0.292366574526898
906131639,0.0347054075867635
906131640,0.587972078038303
906131641,0.5199841709537
906131658,0.517902350813743
906131659,0.517902350813743
906131660,0.517902350813743
906131661,0.396143029329048
906131662,0.396143029329048
906131686,0.58546571136131
906131687,0.494224422442244
906131723,0.648955223880597
906131724,0.648955223880597
906131781,0.225005745805562
906131782,0.557781487664626
906131783,0.299075025693731
906131809,0.231922219971643
906131813,0.521961184882533
906131838,0.592223161453931
906131882,0.439242503945292
906131883,0.439242503945292
906131884,0.519013360739979
906131885,0.587972078038303
906131886,0.5199841709537
906131900,0.592223161453931
906131901,0.477112676056338
906131908,0.228249308657732
906131936,0.644232160949486
906131937,0.562672556598564
906131938,0.461472159972419
906131939,0.461472159972419
906131978,0.612218649517685
906132019,0.410511019617341
906132020,0.265551265551266
906132029,0.410511019617341
906132030,0.265551265551266
906132037,0.321156162183862
906132038,0.384644124789837
906132039,0.550398839738941
906132049,0.631191335740072
906132050,0.545067698259188
906132078,0.554169030062394
906132097,0.517902350813743
906132098,0.517902350813743
906132099,0.396143029329048
906132100,0.396143029329048
906132158,0.517902350813743
906132170,0.413316039775184
906132179,0.651618651618652
906132181,0.5906292749658
906132182,0.618601538976246
906132183,0.413316039775184
906132220,0.608900438525256
906132236,0.5199841709537
906132237,0.308012968967114
906132238,0.176023261015433
906132263,0.396143029329048
906132272,0.594675540765391
906132273,0.651618651618652
906132274,0.519013360739979
906132286,0.461472159972419
906132287,0.631191335740072
906132288,0.545067698259188
906132289,0.545067698259188
906132290,0.575289575289575
906132305,0.648328267477204
906132306,0.607900750897813
906132340,0.560340148362584
906132361,0.644232160949486
906132362,0.587083476468568
906132363,0.461161651504549
906132364,0.653789874158619
906132365,0.564664046415871
906132366,0.265551265551266
906132379,0.511535401750199
906132380,0.587083476468568
906132381,0.608900438525256
906132408,0.556159420289855
906132409,0.659755595221749
906132432,0.563953488372093
906132433,0.40581690415772
906132455,0.62848200312989
906132456,0.585097078887528
906132489,0.476521739130435
906132515,0.622884012539185
906132516,0.622884012539185
906132533,0.402269861286255
906132534,0.299075025693731
906132552,0.587972078038303
906132553,0.587972078038303
906132566,0.265551265551266
906132625,0.317337097153611
906132633,0.228249308657732
906132694,0.614461686130219
906132695,0.442587367050141
906132701,0.614461686130219
906132702,0.442587367050141
906132715,0.317337097153611
906132723,0.607900750897813
906132724,0.617679212868968
906132740,0.581929006812478
906132741,0.547084355538781
906132742,0.505693800084353
906132744,0.338275789027748
906132792,0.46031746031746
906132793,0.483884830253545
906132806,0.5199841709537
906132807,0.5199841709537
906132856,0.225005745805562
906132864,0.519013360739979
906132865,0.587972078038303
906132866,0.587972078038303
906132867,0.393188854489164
906132868,0.5199841709537
906132869,0.5199841709537
906132900,0.618601538976246
906132901,0.562604340567613
906132915,0.508061344868266
906132936,0.592223161453931
906132960,0.396143029329048
906133001,0.228249308657732
906133002,0.461161651504549
906133079,0.62708102108768
906133162,0.439242503945292
906133176,0.241040746195385
906133177,0.473004947300495
906133178,0.241040746195385
906133183,0.508061344868266
906133184,0.524209683873549
906133217,0.545067698259188
906133233,0.545067698259188
906133234,0.439242503945292
906133235,0.439242503945292
906133236,0.439242503945292
906133237,0.594675540765391
906133247,0.442587367050141
906133248,0.587806943268417
906133266,0.317337097153611
906133267,0.468600626339212
906133268,0.468600626339212
906133275,0.587806943268417
906133276,0.644592249855408
906133336,0.477112676056338
906133350,0.476521739130435
906133351,0.6
906133362,0.241040746195385
906133372,0.292366574526898
906133490,0.225005745805562
906133497,0.265551265551266
906133515,0.483884830253545
906133516,0.648955223880597
906133517,0.649617871840094
906133645,0.383455663558818
906133689,0.547084355538781
906133690,0.557781487664626
906133743,0.607900750897813
906133752,0.644592249855408
906133813,0.587051938551573
906133814,0.587051938551573
906133815,0.5906292749658
906133816,0.618601538976246
906133836,0.511535401750199
906133857,0.5199841709537
906133858,0.5199841709537
906133859,0.550398839738941
906133860,0.612218649517685
906133861,0.612218649517685
906133945,0.547084355538781
906133946,0.505693800084353
906133947,0.267375306623058
906133984,0.469261388766033
906133985,0.563953488372093
906134042,0.317337097153611
906134043,0.468600626339212
906134044,0.468600626339212
906134062,0.648972349549017
906134128,0.416763950501985
906134231,0.219833430176254
906134232,0.648972349549017
906134233,0.648972349549017
906134234,0.648972349549017
906134235,0.624549866917176
906134254,0.612218649517685
906134339,0.416763950501985
906134340,0.6
906134363,0.5906292749658
906134364,0.413316039775184
906134376,0.413316039775184
906134394,0.469261388766033
906134424,0.587806943268417
906134425,0.644592249855408
906134426,0.644592249855408
906134465,0.618601538976246
906134466,0.618601538976246
906134500,0.554169030062394
906134690,0.547084355538781
906134691,0.267375306623058
906134698,0.618601538976246
906134757,0.608900438525256
906134834,0.338275789027748
906134835,0.338275789027748
906134904,0.494224422442244
906135270,0.413316039775184
906135271,0.413316039775184
906135372,0.461799321763415
906135373,0.617679212868968
906135407,0.585127201565558
906135408,0.563953488372093
906135450,0.610564304461942
906135451,0.585127201565558
906135452,0.644232160949486
906135463,0.587083476468568
906135464,0.416763950501985
906135465,0.615194054500413
906135466,0.62708102108768
906135467,0.511535401750199
906135469,0.615194054500413
906135470,0.615194054500413
906135514,0.6
906135515,0.265551265551266
906135560,0.5199841709537
906135607,0.563953488372093
906135608,0.40581690415772
906135643,0.461799321763415
906135644,0.299075025693731
906135645,0.510568159782819
906135646,0.607900750897813
906135647,0.607900750897813
906135671,0.590325271059216
906135687,0.498552205757111
906135777,0.57145484642266
906135778,0.562672556598564
906135779,0.562672556598564
906135828,0.658980927981782
906135829,0.461161651504549
906135830,0.610564304461942
906135850,0.241040746195385
906135912,0.308012968967114
906135967,0.587051938551573
906135968,0.379732486964407
906135969,0.524209683873549
906136186,0.225005745805562
906136187,0.636932241250931
906136188,0.644232160949486
906136189,0.644232160949486
906136192,0.439242503945292
906136355,0.590325271059216
906136467,0.317337097153611
906136592,0.547937464682614
906136884,0.648955223880597
906136910,0.587972078038303
906136911,0.393188854489164
906136915,0.384644124789837
906136928,0.575289575289575
906136929,0.343620451404883
906137006,0.577498709788405
906137007,0.483884830253545
906137120,0.265551265551266
906137149,0.612218649517685
906137316,0.505693800084353
906137317,0.505693800084353
906137318,0.547084355538781
906137459,0.62848200312989
906137460,0.658980927981782
906137461,0.658980927981782
906137462,0.267375306623058
906137559,0.666187877046826
906137563,0.529365700861394
906137564,0.62848200312989
906137565,0.581929006812478
906137607,0.668868587491216
906137608,0.668868587491216
906137609,0.668868587491216
906138015,0.668868587491216
906138021,0.413316039775184
906138828,0.524209683873549
906138859,0.477112676056338
906138860,0.477112676056338
906138861,0.521961184882533
906138862,0.648972349549017
906138864,0.416763950501985
906138998,0.618601538976246
906139191,0.5906292749658
906139487,0.515492957746479
906139496,0.515492957746479
906139497,0.515492957746479
906139520,0.413316039775184
906139521,0.413316039775184
906139655,0.524209683873549
906139661,0.524209683873549
906139693,0.557781487664626
906139694,0.544569574346249
906139745,0.581929006812478
906139748,0.586267297249956
906139749,0.586267297249956
906139750,0.622884012539185
906139751,0.49587961304192
906139752,0.40464308960729
906139753,0.529365700861394
906139754,0.62848200312989
906139807,0.636932241250931
906139826,0.544569574346249
906139827,0.628329677217173
906139833,0.648955223880597
906139834,0.648955223880597
906139866,0.560340148362584
906139881,0.62998015570142
906140080,0.585127201565558
906140081,0.5199841709537
906140345,0.29925868123293
906140346,0.6
906140356,0.624549866917176
906140402,0.62848200312989
906140469,0.538027032479322
906140470,0.461161651504549
906140471,0.610564304461942
906140472,0.564664046415871
906140589,0.648955223880597
906140590,0.648955223880597
906140591,0.57145484642266
906140596,0.547937464682614
906140634,0.545067698259188
906140635,0.517902350813743
906140636,0.460647223332002
906140637,0.651618651618652
906140651,0.562604340567613
906140671,0.590325271059216
906140862,0.439242503945292
906140863,0.545067698259188
906140864,0.594675540765391
906141137,0.608900438525256
906141883,0.614461686130219
906141884,0.594675540765391
906141891,0.317337097153611
906141923,0.614461686130219
906141924,0.594675540765391
906141933,0.615194054500413
906141934,0.416763950501985
906141935,0.511535401750199
906142343,0.587051938551573
906142344,0.668868587491216
906142384,0.317337097153611
906143212,0.231922219971643
906143222,0.557647894830343
906143223,0.590325271059216
906143224,0.256616800920598
906143259,0.624382716049383
906143260,0.547937464682614
906143320,0.659755595221749
906143337,0.658980927981782
906143338,0.581929006812478
906143339,0.581929006812478
906143340,0.581929006812478
906143359,0.658980927981782
906143360,0.519013360739979
906143373,0.402269861286255
906143374,0.299075025693731
906143375,0.495778045838359
906143392,0.439242503945292
906143393,0.439242503945292
906143394,0.439242503945292
906143395,0.648972349549017
906143417,0.587972078038303
906143437,0.651618651618652
906143511,0.438808547377509
906143512,0.544392115820687
906143525,0.40581690415772
906143557,0.5199841709537
906143558,0.612218649517685
906143583,0.506838294448914
906143584,0.585127201565558
906143585,0.545067698259188
906143586,0.575289575289575
906143587,0.517902350813743
906143588,0.621691413815365
906143876,0.592223161453931
906143877,0.477112676056338
906143908,0.524209683873549
906144075,0.432525951557093
906144087,0.416763950501985
906144088,0.587972078038303
906144089,0.511535401750199
906144090,0.476521739130435
906144091,0.476521739130435
906144213,0.176023261015433
906144214,0.225005745805562
906144231,0.469261388766033
906144294,0.476521739130435
906144295,0.592223161453931
906144322,0.547084355538781
906144323,0.557781487664626
906144341,0.473004947300495
906144342,0.241040746195385
906144343,0.241040746195385
906144344,0.457223305176522
906144351,0.563953488372093
906144352,0.40581690415772
906144366,0.5199841709537
906144368,0.176023261015433
906144463,0.402269861286255
906144464,0.495778045838359
906144515,0.610564304461942
906144516,0.564664046415871
906144524,0.519013360739979
906144585,0.57145484642266
906144586,0.545067698259188
906144593,0.517902350813743
906144594,0.517902350813743
906144595,0.396143029329048
906144635,0.219833430176254
906144636,0.281408051790411
906144637,0.648972349549017
906144666,0.292366574526898
906144801,0.386190372467872
906144802,0.228249308657732
906144845,0.57145484642266
906144904,0.636932241250931
906144921,0.432525951557093
906144924,0.624549866917176
906144936,0.265551265551266
906145006,0.384644124789837
906145104,0.416763950501985
906145105,0.58546571136131
906145429,0.505693800084353
906145430,0.461161651504549
906145431,0.338275789027748
906145521,0.562604340567613
906145564,0.476521739130435
906145603,0.5906292749658
906146392,0.614461686130219
906146393,0.258802011888432
906146394,0.468600626339212
906146424,0.607900750897813
906146425,0.607900750897813
906146426,0.258802011888432
906146438,0.442587367050141
906146439,0.317337097153611
906146454,0.557781487664626
906146455,0.461161651504549
906146456,0.587806943268417
906146457,0.644592249855408
906146491,0.338275789027748
906146492,0.338275789027748
906147020,0.618601538976246
906147021,0.651618651618652
906147186,0.505693800084353
906147187,0.457223305176522
906150511,0.520060275004709
906150524,0.461472159972419
906150617,0.515492957746479
906154328,0.241040746195385
906156292,0.618601538976246
906158389,0.546305136528547
906158559,0.547937464682614
